semantic_text,template_id,occurrences,service,timestamp,timestamp_canonical
nova-api.log.ts info nova.osapi_compute.wsgi.server ts -ip ts http status: pid len: ts time: ts,1,767035932,nova-api,"['2017-05-14T21:27:04Z', '2017-05-14T21:56:07Z']",2017-05-14T21:41:35Z
nova-compute.log.ts pid info nova.virt.libvirt.driver - instance: id instance spawned successfully.,10,17056900,nova-compute,"['2017-05-14T21:27:09Z', '2017-05-14T21:56:26Z', '2017-05-16T13:55:31Z', '2017-05-17T12:02:35Z']",2017-05-15T17:55:58Z
nova-compute.log.ts pid info nova.compute.manager req_id-id -instance: id during sync_power_state the instance has a pending task spawning. skip.,100,2448,nova-compute,['2017-05-14T21:27:09Z'],2017-05-14T21:27:09Z
nova-compute.log.ts pid info nova.compute.manager req_id-id -instance: id during sync_power_state the instance has a pending task spawning. skip.,101,2448,nova-compute,['2017-05-14T21:27:09Z'],2017-05-14T21:27:09Z
nova-compute.log.ts pid info nova.compute.manager req_id-id -instance: id during sync_power_state the instance has a pending task spawning. skip.,102,2448,nova-compute,['2017-05-14T21:27:09Z'],2017-05-14T21:27:09Z
nova-compute.log.ts pid info nova.compute.manager req_id-id -instance: id during sync_power_state the instance has a pending task spawning. skip.,103,2448,nova-compute,['2017-05-14T21:27:09Z'],2017-05-14T21:27:09Z
nova-compute.log.ts pid info nova.compute.manager req_id-id -instance: id during sync_power_state the instance has a pending task spawning. skip.,104,2448,nova-compute,['2017-05-14T21:27:09Z'],2017-05-14T21:27:09Z
nova-compute.log.ts pid info nova.compute.manager req_id-id -instance: id during sync_power_state the instance has a pending task spawning. skip.,105,1836,nova-compute,['2017-05-14T21:27:09Z'],2017-05-14T21:27:09Z
nova-compute.log.ts pid info nova.compute.manager req_id-id -instance: id during sync_power_state the instance has a pending task spawning. skip.,106,2448,nova-compute,['2017-05-14T21:27:09Z'],2017-05-14T21:27:09Z
nova-compute.log.ts pid info nova.compute.manager req_id-id -instance: id during sync_power_state the instance has a pending task spawning. skip.,107,2448,nova-compute,['2017-05-14T21:27:09Z'],2017-05-14T21:27:09Z
nova-compute.log.ts pid info nova.compute.manager req_id-id -instance: id during sync_power_state the instance has a pending task spawning. skip.,108,2448,nova-compute,['2017-05-14T21:27:09Z'],2017-05-14T21:27:09Z
nova-compute.log.ts pid info nova.compute.manager req_id-id -instance: id during sync_power_state the instance has a pending task spawning. skip.,109,2448,nova-compute,['2017-05-14T21:27:09Z'],2017-05-14T21:27:09Z
nova-compute.log.ts pid info nova.compute.manager req_id-id -instance: id took 21.38 seconds to build instance.,11,4268356,nova-compute,"['2017-05-14T21:27:09Z', '2017-05-14T21:56:26Z', '2017-05-16T13:55:31Z', '2017-05-17T12:02:35Z']",2017-05-15T17:55:58Z
nova-compute.log.ts pid info nova.compute.manager req_id-id -instance: id during sync_power_state the instance has a pending task spawning. skip.,110,2448,nova-compute,['2017-05-14T21:27:09Z'],2017-05-14T21:27:09Z
nova-compute.log.ts pid info nova.compute.manager req_id-id -instance: id during sync_power_state the instance has a pending task spawning. skip.,111,2448,nova-compute,['2017-05-14T21:27:09Z'],2017-05-14T21:27:09Z
nova-compute.log.ts pid info nova.compute.manager req_id-id -instance: id during sync_power_state the instance has a pending task spawning. skip.,112,2448,nova-compute,['2017-05-14T21:27:09Z'],2017-05-14T21:27:09Z
nova-compute.log.ts pid info nova.compute.manager req_id-id -instance: id during sync_power_state the instance has a pending task spawning. skip.,113,2448,nova-compute,['2017-05-14T21:27:09Z'],2017-05-14T21:27:09Z
nova-compute.log.ts pid info nova.compute.manager req_id-id -instance: id during sync_power_state the instance has a pending task spawning. skip.,114,2448,nova-compute,['2017-05-14T21:27:09Z'],2017-05-14T21:27:09Z
nova-compute.log.ts pid info nova.compute.manager req_id-id -instance: id during sync_power_state the instance has a pending task spawning. skip.,115,2448,nova-compute,['2017-05-14T21:27:09Z'],2017-05-14T21:27:09Z
nova-compute.log.ts pid info nova.compute.manager req_id-id -instance: id during sync_power_state the instance has a pending task spawning. skip.,116,2448,nova-compute,['2017-05-14T21:27:09Z'],2017-05-14T21:27:09Z
nova-compute.log.ts pid info nova.compute.manager req_id-id -instance: id during sync_power_state the instance has a pending task spawning. skip.,117,1836,nova-compute,['2017-05-14T21:27:09Z'],2017-05-14T21:27:09Z
nova-compute.log.ts pid info nova.compute.manager req_id-id -instance: id during sync_power_state the instance has a pending task spawning. skip.,118,2448,nova-compute,['2017-05-14T21:27:09Z'],2017-05-14T21:27:09Z
nova-compute.log.ts pid info nova.compute.manager req_id-id -instance: id during sync_power_state the instance has a pending task spawning. skip.,119,3060,nova-compute,['2017-05-14T21:27:09Z'],2017-05-14T21:27:09Z
nova-compute.log.ts pid info nova.compute.manager - instance: id during sync_power_state the instance has a pending task spawning. skip.,12,4225,nova-compute,"['2017-05-14T21:27:09Z', '2017-05-16T13:55:31Z', '2017-05-17T12:02:35Z']",2017-05-16T13:55:31Z
nova-compute.log.ts pid info nova.compute.manager req_id-id -instance: id during sync_power_state the instance has a pending task spawning. skip.,120,2448,nova-compute,['2017-05-14T21:27:09Z'],2017-05-14T21:27:09Z
nova-compute.log.ts pid info nova.compute.manager req_id-id -instance: id during sync_power_state the instance has a pending task spawning. skip.,121,2448,nova-compute,['2017-05-14T21:27:09Z'],2017-05-14T21:27:09Z
nova-compute.log.ts pid info nova.compute.manager req_id-id -instance: id during sync_power_state the instance has a pending task spawning. skip.,122,1836,nova-compute,['2017-05-14T21:27:09Z'],2017-05-14T21:27:09Z
nova-compute.log.ts pid info nova.compute.manager req_id-id -instance: id during sync_power_state the instance has a pending task spawning. skip.,123,2448,nova-compute,['2017-05-14T21:27:09Z'],2017-05-14T21:27:09Z
nova-compute.log.ts pid info nova.compute.manager req_id-id -instance: id during sync_power_state the instance has a pending task spawning. skip.,124,2448,nova-compute,['2017-05-14T21:27:09Z'],2017-05-14T21:27:09Z
nova-compute.log.ts pid info nova.compute.manager req_id-id -instance: id during sync_power_state the instance has a pending task spawning. skip.,125,2448,nova-compute,['2017-05-14T21:27:09Z'],2017-05-14T21:27:09Z
nova-compute.log.ts pid info nova.compute.manager req_id-id -instance: id during sync_power_state the instance has a pending task spawning. skip.,126,2448,nova-compute,['2017-05-14T21:27:09Z'],2017-05-14T21:27:09Z
nova-compute.log.ts pid info nova.compute.manager req_id-id -instance: id during sync_power_state the instance has a pending task spawning. skip.,127,2448,nova-compute,['2017-05-14T21:27:09Z'],2017-05-14T21:27:09Z
nova-compute.log.ts pid info nova.compute.manager req_id-id -instance: id during sync_power_state the instance has a pending task spawning. skip.,128,2448,nova-compute,['2017-05-14T21:27:09Z'],2017-05-14T21:27:09Z
nova-compute.log.ts pid info nova.compute.manager req_id-id -instance: id during sync_power_state the instance has a pending task spawning. skip.,129,2448,nova-compute,['2017-05-14T21:27:09Z'],2017-05-14T21:27:09Z
nova-api.log.ts info nova.metadata.wsgi.server - ts get ts http status: ts len: ts time: ts,13,84566416,nova-api,"['2017-05-14T21:27:04Z', '2017-05-14T21:56:07Z', '2017-05-16T13:53:08Z', '2017-05-17T12:02:19Z']",2017-05-15T17:54:37Z
nova-compute.log.ts pid info nova.compute.manager req_id-id -instance: id during sync_power_state the instance has a pending task spawning. skip.,130,2448,nova-compute,['2017-05-14T21:27:09Z'],2017-05-14T21:27:09Z
nova-compute.log.ts pid info nova.compute.manager req_id-id -instance: id during sync_power_state the instance has a pending task spawning. skip.,131,2448,nova-compute,['2017-05-14T21:27:09Z'],2017-05-14T21:27:09Z
nova-compute.log.ts pid info nova.compute.manager req_id-id -instance: id during sync_power_state the instance has a pending task spawning. skip.,132,2448,nova-compute,['2017-05-14T21:27:09Z'],2017-05-14T21:27:09Z
nova-compute.log.ts pid info nova.compute.manager req_id-id -instance: id during sync_power_state the instance has a pending task spawning. skip.,133,2448,nova-compute,['2017-05-14T21:27:09Z'],2017-05-14T21:27:09Z
nova-compute.log.ts pid info nova.compute.manager req_id-id -instance: id during sync_power_state the instance has a pending task spawning. skip.,134,2448,nova-compute,['2017-05-14T21:27:09Z'],2017-05-14T21:27:09Z
nova-compute.log.ts pid info nova.compute.manager req_id-id -instance: id during sync_power_state the instance has a pending task spawning. skip.,135,2448,nova-compute,['2017-05-14T21:27:09Z'],2017-05-14T21:27:09Z
nova-compute.log.ts pid info nova.compute.manager req_id-id -instance: id during sync_power_state the instance has a pending task spawning. skip.,136,2448,nova-compute,['2017-05-14T21:27:09Z'],2017-05-14T21:27:09Z
nova-compute.log.ts pid info nova.compute.manager req_id-id -instance: id during sync_power_state the instance has a pending task spawning. skip.,137,1836,nova-compute,['2017-05-14T21:27:09Z'],2017-05-14T21:27:09Z
nova-compute.log.ts pid info nova.compute.manager req_id-id -instance: id during sync_power_state the instance has a pending task spawning. skip.,138,2448,nova-compute,['2017-05-14T21:27:09Z'],2017-05-14T21:27:09Z
nova-compute.log.ts pid info nova.compute.manager req_id-id -instance: id during sync_power_state the instance has a pending task spawning. skip.,139,2448,nova-compute,['2017-05-14T21:27:09Z'],2017-05-14T21:27:09Z
nova-compute.log.ts pid info nova.compute.manager req_id-id -instance: id took 0.47 seconds to deallocate network for instance.,14,4264225,nova-compute,"['2017-05-14T21:27:09Z', '2017-05-14T21:56:26Z', '2017-05-16T13:55:31Z', '2017-05-17T12:02:35Z']",2017-05-15T17:55:58Z
nova-compute.log.ts pid info nova.compute.manager req_id-id -instance: id during sync_power_state the instance has a pending task spawning. skip.,140,2448,nova-compute,['2017-05-14T21:27:09Z'],2017-05-14T21:27:09Z
nova-compute.log.ts pid info nova.compute.manager req_id-id -instance: id during sync_power_state the instance has a pending task spawning. skip.,141,3060,nova-compute,['2017-05-14T21:27:09Z'],2017-05-14T21:27:09Z
nova-compute.log.ts pid info nova.compute.manager req_id-id -instance: id during sync_power_state the instance has a pending task spawning. skip.,142,2448,nova-compute,['2017-05-14T21:27:09Z'],2017-05-14T21:27:09Z
nova-compute.log.ts pid info nova.compute.manager req_id-id -instance: id during sync_power_state the instance has a pending task spawning. skip.,143,2448,nova-compute,['2017-05-14T21:27:09Z'],2017-05-14T21:27:09Z
nova-compute.log.ts pid info nova.compute.manager req_id-id -instance: id during sync_power_state the instance has a pending task spawning. skip.,144,2448,nova-compute,['2017-05-14T21:27:09Z'],2017-05-14T21:27:09Z
nova-compute.log.ts pid info nova.compute.manager req_id-id -instance: id during sync_power_state the instance has a pending task spawning. skip.,145,2448,nova-compute,['2017-05-14T21:27:09Z'],2017-05-14T21:27:09Z
nova-compute.log.ts pid info nova.compute.manager req_id-id -instance: id during sync_power_state the instance has a pending task spawning. skip.,146,2448,nova-compute,['2017-05-14T21:27:09Z'],2017-05-14T21:27:09Z
nova-compute.log.ts pid info nova.compute.manager req_id-id -instance: id during sync_power_state the instance has a pending task spawning. skip.,147,2448,nova-compute,['2017-05-14T21:27:09Z'],2017-05-14T21:27:09Z
nova-compute.log.ts pid info nova.compute.manager req_id-id -instance: id during sync_power_state the instance has a pending task spawning. skip.,148,2448,nova-compute,['2017-05-14T21:27:09Z'],2017-05-14T21:27:09Z
nova-compute.log.ts pid info nova.compute.manager req_id-id -instance: id during sync_power_state the instance has a pending task spawning. skip.,149,2448,nova-compute,['2017-05-14T21:27:09Z'],2017-05-14T21:27:09Z
nova-api.log.ts pid info nova.api.openstack.wsgi req_id-id -http exception thrown: no instances found for any event,15,4260096,nova-api,"['2017-05-14T21:27:04Z', '2017-05-14T21:56:07Z', '2017-05-16T13:53:08Z', '2017-05-17T12:02:19Z']",2017-05-15T17:54:37Z
nova-compute.log.ts pid info nova.compute.manager req_id-id -instance: id during sync_power_state the instance has a pending task spawning. skip.,150,2448,nova-compute,['2017-05-14T21:27:09Z'],2017-05-14T21:27:09Z
nova-compute.log.ts pid info nova.compute.manager req_id-id -instance: id during sync_power_state the instance has a pending task spawning. skip.,151,2448,nova-compute,['2017-05-14T21:27:09Z'],2017-05-14T21:27:09Z
nova-compute.log.ts pid info nova.compute.manager req_id-id -instance: id during sync_power_state the instance has a pending task spawning. skip.,152,2448,nova-compute,['2017-05-14T21:27:09Z'],2017-05-14T21:27:09Z
nova-compute.log.ts pid info nova.compute.manager req_id-id -instance: id during sync_power_state the instance has a pending task spawning. skip.,153,2448,nova-compute,['2017-05-14T21:27:09Z'],2017-05-14T21:27:09Z
nova-compute.log.ts pid info nova.compute.manager req_id-id -instance: id during sync_power_state the instance has a pending task spawning. skip.,154,2448,nova-compute,['2017-05-14T21:27:09Z'],2017-05-14T21:27:09Z
nova-compute.log.ts pid info nova.compute.manager req_id-id -instance: id during sync_power_state the instance has a pending task spawning. skip.,155,2448,nova-compute,['2017-05-14T21:27:09Z'],2017-05-14T21:27:09Z
nova-compute.log.ts pid info nova.compute.manager req_id-id -instance: id during sync_power_state the instance has a pending task spawning. skip.,156,2448,nova-compute,['2017-05-14T21:27:09Z'],2017-05-14T21:27:09Z
nova-compute.log.ts pid info nova.compute.manager req_id-id -instance: id during sync_power_state the instance has a pending task spawning. skip.,157,1836,nova-compute,['2017-05-14T21:27:09Z'],2017-05-14T21:27:09Z
nova-compute.log.ts pid info nova.compute.manager req_id-id -instance: id during sync_power_state the instance has a pending task spawning. skip.,158,2448,nova-compute,['2017-05-14T21:27:09Z'],2017-05-14T21:27:09Z
nova-compute.log.ts pid info nova.compute.manager req_id-id -instance: id during sync_power_state the instance has a pending task spawning. skip.,159,2448,nova-compute,['2017-05-14T21:27:09Z'],2017-05-14T21:27:09Z
nova-compute.log.ts pid ts nova.virt.libvirt.imagecache req_id-id -ts base ts /var/lib/nova/instances/_base/id,16,329386201,nova-compute,"['2017-05-14T21:27:09Z', '2017-05-14T21:56:26Z', '2017-05-16T13:55:31Z', '2017-05-17T12:02:35Z']",2017-05-15T17:55:58Z
nova-compute.log.ts pid info nova.compute.manager req_id-id -instance: id during sync_power_state the instance has a pending task spawning. skip.,160,2448,nova-compute,['2017-05-14T21:27:09Z'],2017-05-14T21:27:09Z
nova-compute.log.ts pid info nova.compute.manager req_id-id -instance: id during sync_power_state the instance has a pending task spawning. skip.,161,2448,nova-compute,['2017-05-14T21:27:09Z'],2017-05-14T21:27:09Z
nova-compute.log.ts pid info nova.compute.manager req_id-id -instance: id during sync_power_state the instance has a pending task spawning. skip.,162,2448,nova-compute,['2017-05-14T21:27:09Z'],2017-05-14T21:27:09Z
nova-compute.log.ts pid info nova.compute.manager req_id-id -instance: id during sync_power_state the instance has a pending task spawning. skip.,163,2448,nova-compute,['2017-05-14T21:27:09Z'],2017-05-14T21:27:09Z
nova-compute.log.ts pid info nova.compute.manager req_id-id -instance: id during sync_power_state the instance has a pending task spawning. skip.,164,2448,nova-compute,['2017-05-14T21:27:09Z'],2017-05-14T21:27:09Z
nova-compute.log.ts pid info nova.compute.manager req_id-id -instance: id during sync_power_state the instance has a pending task spawning. skip.,165,2448,nova-compute,['2017-05-14T21:27:09Z'],2017-05-14T21:27:09Z
nova-compute.log.ts pid info nova.compute.manager req_id-id -instance: id during sync_power_state the instance has a pending task spawning. skip.,166,2448,nova-compute,['2017-05-14T21:27:09Z'],2017-05-14T21:27:09Z
nova-compute.log.ts pid info nova.compute.manager req_id-id -instance: id during sync_power_state the instance has a pending task spawning. skip.,167,2448,nova-compute,['2017-05-14T21:27:09Z'],2017-05-14T21:27:09Z
nova-compute.log.ts pid info nova.compute.manager req_id-id -instance: id during sync_power_state the instance has a pending task spawning. skip.,168,1836,nova-compute,['2017-05-14T21:27:09Z'],2017-05-14T21:27:09Z
nova-compute.log.ts pid info nova.compute.manager req_id-id -instance: id during sync_power_state the instance has a pending task spawning. skip.,169,2448,nova-compute,['2017-05-14T21:27:09Z'],2017-05-14T21:27:09Z
nova-compute.log.ts pid info nova.virt.libvirt.imagecache req_id-id -removing base or swap file: /var/lib/nova/instances/_base/id,17,10573220,nova-compute,"['2017-05-14T21:27:09Z', '2017-05-14T21:56:26Z']",2017-05-14T21:41:47Z
nova-compute.log.ts pid info nova.compute.manager req_id-id -instance: id during sync_power_state the instance has a pending task spawning. skip.,170,2448,nova-compute,['2017-05-14T21:27:09Z'],2017-05-14T21:27:09Z
nova-compute.log.ts pid info nova.compute.manager req_id-id -instance: id during sync_power_state the instance has a pending task spawning. skip.,171,1836,nova-compute,['2017-05-14T21:27:09Z'],2017-05-14T21:27:09Z
nova-compute.log.ts pid info nova.compute.manager req_id-id -instance: id during sync_power_state the instance has a pending task spawning. skip.,172,2448,nova-compute,['2017-05-14T21:27:09Z'],2017-05-14T21:27:09Z
nova-compute.log.ts pid info nova.compute.manager req_id-id -instance: id during sync_power_state the instance has a pending task spawning. skip.,173,2448,nova-compute,['2017-05-14T21:27:09Z'],2017-05-14T21:27:09Z
nova-compute.log.ts pid info nova.compute.manager req_id-id -instance: id during sync_power_state the instance has a pending task spawning. skip.,174,2448,nova-compute,['2017-05-14T21:27:09Z'],2017-05-14T21:27:09Z
nova-compute.log.ts pid info nova.compute.manager req_id-id -instance: id during sync_power_state the instance has a pending task spawning. skip.,175,2448,nova-compute,['2017-05-14T21:27:09Z'],2017-05-14T21:27:09Z
nova-compute.log.ts pid info nova.compute.manager req_id-id -instance: id during sync_power_state the instance has a pending task spawning. skip.,176,2448,nova-compute,['2017-05-14T21:27:09Z'],2017-05-14T21:27:09Z
nova-compute.log.ts pid info nova.compute.manager req_id-id -instance: id during sync_power_state the instance has a pending task spawning. skip.,177,2448,nova-compute,['2017-05-14T21:27:09Z'],2017-05-14T21:27:09Z
nova-compute.log.ts pid info nova.compute.manager req_id-id -instance: id during sync_power_state the instance has a pending task spawning. skip.,178,2448,nova-compute,['2017-05-14T21:27:09Z'],2017-05-14T21:27:09Z
nova-compute.log.ts pid info nova.compute.manager req_id-id -instance: id during sync_power_state the instance has a pending task spawning. skip.,179,2448,nova-compute,['2017-05-14T21:27:09Z'],2017-05-14T21:27:09Z
nova-compute.log.ts pid info nova.compute.claims req_id-id -instance: id attempting claim: memory pid mb disk 20 gb vcpus 1 cpu,18,4264225,nova-compute,"['2017-05-14T21:27:09Z', '2017-05-14T21:56:26Z', '2017-05-16T13:55:31Z', '2017-05-17T12:02:35Z']",2017-05-15T17:55:58Z
nova-compute.log.ts pid info nova.compute.manager req_id-id -instance: id during sync_power_state the instance has a pending task spawning. skip.,180,2448,nova-compute,['2017-05-14T21:27:09Z'],2017-05-14T21:27:09Z
nova-compute.log.ts pid info nova.compute.manager req_id-id -instance: id during sync_power_state the instance has a pending task spawning. skip.,181,14135354,nova-compute,"['2017-05-14T21:27:09Z', '2017-05-14T21:56:26Z', '2017-05-16T13:55:31Z', '2017-05-17T12:02:35Z']",2017-05-15T17:55:58Z
nova-compute.log.ts pid info nova.compute.manager req_id-id -instance: id took 19.66 seconds to spawn the instance on the hypervisor.,182,14592400,nova-compute,"['2017-05-14T21:56:26Z', '2017-05-16T13:55:31Z', '2017-05-17T12:02:35Z']",2017-05-16T13:55:31Z
nova-compute.log.ts pid info nova.compute.manager req_id-id -instance: id terminating instance,183,32821441,nova-compute,"['2017-05-14T21:56:26Z', '2017-05-16T13:55:31Z', '2017-05-17T12:02:35Z']",2017-05-16T13:55:31Z
nova-compute.log.ts pid info nova.virt.libvirt.driver req_id-id -instance: id deleting instance files /var/lib/nova/instances/04fbe775-607f-pid-a598-3983b58a5f18_del,184,14577124,nova-compute,"['2017-05-14T21:56:26Z', '2017-05-16T13:55:31Z', '2017-05-17T12:02:35Z']",2017-05-16T13:55:31Z
nova-api.log.ts info nova.osapi_compute.wsgi.server ts -ip ts http status: pid len: ts time: ts,185,5084676828,nova-api,"['2017-05-16T13:53:08Z', '2017-05-17T12:02:19Z']",2017-05-17T00:57:43Z
nova-compute.log.ts pid info nova.compute.manager req_id-id -instance: id vm started lifecycle event,186,70858380,nova-compute,"['2017-05-16T13:55:31Z', '2017-05-17T12:02:35Z']",2017-05-17T00:59:03Z
nova-compute.log.ts pid error oslo_service.periodic_task req_id-id -error during computemanager._run_image_cache_manager_pass,187,64,nova-compute,"['2017-05-16T13:55:31Z', '2017-05-17T12:02:35Z']",2017-05-17T00:59:03Z
nova-api.log.ts pid error keystonemiddleware.auth_token req_id-id -bad response code while validating token: pid,188,4,nova-api,"['2017-05-16T13:53:08Z', '2017-05-17T12:02:19Z']",2017-05-17T00:57:43Z
nova-api.log.ts pid warning keystonemiddleware.auth_token req_id-id -identity response: doctypehtmlpublic_ietfdtdhtml20en,189,4,nova-api,"['2017-05-16T13:53:08Z', '2017-05-17T12:02:19Z']",2017-05-17T00:57:43Z
nova-compute.log.ts pid info nova.compute.claims req_id-id -instance: id total memory: pid mb used: pid.00 mb,19,153512100,nova-compute,"['2017-05-14T21:27:09Z', '2017-05-14T21:56:26Z', '2017-05-16T13:55:31Z', '2017-05-17T12:02:35Z']",2017-05-15T17:55:58Z
nova-api.log.ts pid critical keystonemiddleware.auth_token req_id-id -unable to validate token: failed to fetch token data from identity server,190,4,nova-api,"['2017-05-16T13:53:08Z', '2017-05-17T12:02:19Z']",2017-05-17T00:57:43Z
nova-compute.log.ts pid info nova.virt.libvirt.imagecache req_id-id -removing base or swap file: /var/lib/nova/instances/_base/id,191,29993420,nova-compute,['2017-05-17T12:02:35Z'],2017-05-17T12:02:35Z
nova-api.log.ts info nova.osapi_compute.wsgi.server ts -ip ts http status: ts len: ts time: ts,192,2160143760,nova-api,['2017-05-17T12:02:19Z'],2017-05-17T12:02:19Z
nova-compute.log.ts pid info nova.virt.libvirt.driver req_id-id -instance: id creating image,2,3193180,nova-compute,['2017-05-14T21:27:09Z'],2017-05-14T21:27:09Z
nova-compute.log.ts pid info nova.compute.resource_tracker req_id-id -auditing locally available compute resources for node cp-1.slowvm1.tcloud-pg0.utah.cloudlab.us,20,12096484,nova-compute,"['2017-05-14T21:27:09Z', '2017-05-14T21:56:26Z', '2017-05-16T13:55:31Z', '2017-05-17T12:02:35Z']",2017-05-15T17:55:58Z
nova-compute.log.ts pid info nova.compute.resource_tracker req_id-id -final resource view: name=cp-1.slowvm1.tcloud-pg0.utah.cloudlab.us phys_ram=64172mb ts phys_disk=15gb ts total_vcpus=16 ts pci_stats=,21,3024121,nova-compute,"['2017-05-14T21:27:09Z', '2017-05-14T21:56:26Z', '2017-05-16T13:55:31Z', '2017-05-17T12:02:35Z']",2017-05-15T17:55:58Z
nova-compute.log.ts pid info nova.compute.manager req_id-id -instance: id during sync_power_state the instance has a pending task spawning. skip.,22,2448,nova-compute,['2017-05-14T21:27:09Z'],2017-05-14T21:27:09Z
nova-compute.log.ts pid info nova.compute.manager req_id-id -instance: id during sync_power_state the instance has a pending task spawning. skip.,23,1836,nova-compute,['2017-05-14T21:27:09Z'],2017-05-14T21:27:09Z
nova-scheduler.log.ts pid info nova.scheduler.host_manager req_id-id -successfully synced instances from host cp-1.slowvm1.tcloud-pg0.utah.cloudlab.us.,24,252004,nova-scheduler,"['2017-05-14T21:27:04Z', '2017-05-14T21:56:07Z', '2017-05-16T13:53:08Z', '2017-05-17T12:02:19Z']",2017-05-15T17:54:37Z
nova-compute.log.ts pid info nova.compute.manager req_id-id -instance: id during sync_power_state the instance has a pending task spawning. skip.,25,1836,nova-compute,['2017-05-14T21:27:09Z'],2017-05-14T21:27:09Z
nova-compute.log.ts pid info nova.compute.manager req_id-id -instance: id during sync_power_state the instance has a pending task spawning. skip.,26,1836,nova-compute,['2017-05-14T21:27:09Z'],2017-05-14T21:27:09Z
nova-compute.log.ts pid info nova.compute.manager req_id-id -instance: id during sync_power_state the instance has a pending task spawning. skip.,27,2448,nova-compute,['2017-05-14T21:27:09Z'],2017-05-14T21:27:09Z
nova-scheduler.log.ts pid info nova.scheduler.host_manager req_id-id -the instance sync for host cp-1.slowvm1.tcloud-pg0.utah.cloudlab.us did not match. re-created its instancelist.,28,132496,nova-scheduler,"['2017-05-14T21:27:04Z', '2017-05-14T21:56:07Z', '2017-05-16T13:53:08Z', '2017-05-17T12:02:19Z']",2017-05-15T17:54:37Z
nova-compute.log.ts pid info nova.compute.manager req_id-id -instance: id during sync_power_state the instance has a pending task spawning. skip.,29,2448,nova-compute,['2017-05-14T21:27:09Z'],2017-05-14T21:27:09Z
nova-compute.log.ts pid info nova.compute.manager - instance: id vm stopped lifecycle event,3,4272489,nova-compute,"['2017-05-14T21:27:09Z', '2017-05-14T21:56:26Z', '2017-05-16T13:55:31Z', '2017-05-17T12:02:35Z']",2017-05-15T17:55:58Z
nova-compute.log.ts pid info nova.compute.manager req_id-id -instance: id during sync_power_state the instance has a pending task spawning. skip.,30,2448,nova-compute,['2017-05-14T21:27:09Z'],2017-05-14T21:27:09Z
nova-compute.log.ts pid info nova.compute.manager req_id-id -instance: id during sync_power_state the instance has a pending task spawning. skip.,31,2448,nova-compute,['2017-05-14T21:27:09Z'],2017-05-14T21:27:09Z
nova-compute.log.ts pid info nova.compute.manager req_id-id -instance: id during sync_power_state the instance has a pending task spawning. skip.,32,2448,nova-compute,['2017-05-14T21:27:09Z'],2017-05-14T21:27:09Z
nova-compute.log.ts pid info nova.virt.libvirt.imagecache req_id-id -base or swap file too young to remove: /var/lib/nova/instances/_base/id,33,990025,nova-compute,"['2017-05-14T21:27:09Z', '2017-05-14T21:56:26Z', '2017-05-16T13:55:31Z', '2017-05-17T12:02:35Z']",2017-05-15T17:55:58Z
nova-compute.log.ts pid info nova.compute.manager req_id-id -instance: id during sync_power_state the instance has a pending task spawning. skip.,34,2448,nova-compute,['2017-05-14T21:27:09Z'],2017-05-14T21:27:09Z
nova-compute.log.ts pid info nova.compute.manager req_id-id -instance: id during sync_power_state the instance has a pending task spawning. skip.,35,2448,nova-compute,['2017-05-14T21:27:09Z'],2017-05-14T21:27:09Z
nova-compute.log.ts pid info nova.compute.manager req_id-id -instance: id during sync_power_state the instance has a pending task spawning. skip.,36,2448,nova-compute,['2017-05-14T21:27:09Z'],2017-05-14T21:27:09Z
nova-compute.log.ts pid info nova.compute.manager req_id-id -instance: id during sync_power_state the instance has a pending task spawning. skip.,37,2448,nova-compute,['2017-05-14T21:27:09Z'],2017-05-14T21:27:09Z
nova-compute.log.ts pid info nova.compute.manager req_id-id -instance: id during sync_power_state the instance has a pending task spawning. skip.,38,2448,nova-compute,['2017-05-14T21:27:09Z'],2017-05-14T21:27:09Z
nova-compute.log.ts pid info nova.compute.manager req_id-id -instance: id during sync_power_state the instance has a pending task spawning. skip.,39,2448,nova-compute,['2017-05-14T21:27:09Z'],2017-05-14T21:27:09Z
nova-compute.log.ts pid warning nova.compute.manager req_id-id -while synchronizing instance power states found 1 instances in the database and 0 instances on the hypervisor.,4,2025,nova-compute,"['2017-05-14T21:27:09Z', '2017-05-16T13:55:31Z', '2017-05-17T12:02:35Z']",2017-05-16T13:55:31Z
nova-compute.log.ts pid info nova.compute.manager req_id-id -instance: id during sync_power_state the instance has a pending task spawning. skip.,40,2448,nova-compute,['2017-05-14T21:27:09Z'],2017-05-14T21:27:09Z
nova-compute.log.ts pid warning nova.virt.libvirt.driver req_id-id -couldnt obtain the vcpu count from domain id: id exception: req_id: cpu affinity is not supported,41,144,nova-compute,"['2017-05-14T21:27:09Z', '2017-05-16T13:55:31Z', '2017-05-17T12:02:35Z']",2017-05-16T13:55:31Z
nova-compute.log.ts pid info nova.compute.manager req_id-id -instance: id during sync_power_state the instance has a pending task spawning. skip.,42,2448,nova-compute,['2017-05-14T21:27:09Z'],2017-05-14T21:27:09Z
nova-compute.log.ts pid info nova.compute.manager req_id-id -instance: id during sync_power_state the instance has a pending task spawning. skip.,43,2448,nova-compute,['2017-05-14T21:27:09Z'],2017-05-14T21:27:09Z
nova-compute.log.ts pid info nova.compute.manager req_id-id -instance: id during sync_power_state the instance has a pending task spawning. skip.,44,2448,nova-compute,['2017-05-14T21:27:09Z'],2017-05-14T21:27:09Z
nova-compute.log.ts pid info nova.compute.manager req_id-id -instance: id during sync_power_state the instance has a pending task spawning. skip.,45,2448,nova-compute,['2017-05-14T21:27:09Z'],2017-05-14T21:27:09Z
nova-compute.log.ts pid info nova.compute.manager req_id-id -instance: id during sync_power_state the instance has a pending task spawning. skip.,46,3060,nova-compute,['2017-05-14T21:27:09Z'],2017-05-14T21:27:09Z
nova-compute.log.ts pid info nova.compute.manager req_id-id -instance: id during sync_power_state the instance has a pending task spawning. skip.,47,2448,nova-compute,['2017-05-14T21:27:09Z'],2017-05-14T21:27:09Z
nova-compute.log.ts pid info nova.compute.manager req_id-id -instance: id during sync_power_state the instance has a pending task spawning. skip.,48,2448,nova-compute,['2017-05-14T21:27:09Z'],2017-05-14T21:27:09Z
nova-compute.log.ts pid info nova.compute.manager req_id-id -instance: id during sync_power_state the instance has a pending task spawning. skip.,49,2448,nova-compute,['2017-05-14T21:27:09Z'],2017-05-14T21:27:09Z
nova-compute.log.ts pid info nova.compute.manager req_id-id -instance: id vm started lifecycle event,5,99852,nova-compute,['2017-05-14T21:27:09Z'],2017-05-14T21:27:09Z
nova-compute.log.ts pid info nova.compute.manager req_id-id -instance: id during sync_power_state the instance has a pending task spawning. skip.,50,2448,nova-compute,['2017-05-14T21:27:09Z'],2017-05-14T21:27:09Z
nova-compute.log.ts pid info nova.compute.manager req_id-id -instance: id during sync_power_state the instance has a pending task spawning. skip.,51,2448,nova-compute,['2017-05-14T21:27:09Z'],2017-05-14T21:27:09Z
nova-compute.log.ts pid info nova.compute.manager req_id-id -instance: id during sync_power_state the instance has a pending task spawning. skip.,52,2448,nova-compute,['2017-05-14T21:27:09Z'],2017-05-14T21:27:09Z
nova-compute.log.ts pid info nova.compute.manager req_id-id -instance: id during sync_power_state the instance has a pending task spawning. skip.,53,2448,nova-compute,['2017-05-14T21:27:09Z'],2017-05-14T21:27:09Z
nova-compute.log.ts pid info nova.compute.manager req_id-id -instance: id during sync_power_state the instance has a pending task spawning. skip.,54,2448,nova-compute,['2017-05-14T21:27:09Z'],2017-05-14T21:27:09Z
nova-compute.log.ts pid info nova.compute.manager req_id-id -instance: id during sync_power_state the instance has a pending task spawning. skip.,55,2448,nova-compute,['2017-05-14T21:27:09Z'],2017-05-14T21:27:09Z
nova-compute.log.ts pid info nova.compute.manager req_id-id -running instance usage audit for host cp-1.slowvm1.tcloud-pg0.utah.cloudlab.us from ts to ts instances.,56,900,nova-compute,"['2017-05-14T21:27:09Z', '2017-05-16T13:55:31Z', '2017-05-17T12:02:35Z']",2017-05-16T13:55:31Z
nova-compute.log.ts pid info nova.compute.manager req_id-id -instance: id during sync_power_state the instance has a pending task spawning. skip.,57,2448,nova-compute,['2017-05-14T21:27:09Z'],2017-05-14T21:27:09Z
nova-compute.log.ts pid info nova.compute.manager req_id-id -instance: id during sync_power_state the instance has a pending task spawning. skip.,58,2448,nova-compute,['2017-05-14T21:27:09Z'],2017-05-14T21:27:09Z
nova-compute.log.ts pid info nova.compute.manager req_id-id -instance: id during sync_power_state the instance has a pending task spawning. skip.,59,2448,nova-compute,['2017-05-14T21:27:09Z'],2017-05-14T21:27:09Z
nova-compute.log.ts pid info nova.compute.manager req_id-id -instance: id during sync_power_state the instance has a pending task spawning. skip.,6,2448,nova-compute,['2017-05-14T21:27:09Z'],2017-05-14T21:27:09Z
nova-compute.log.ts pid info nova.compute.manager req_id-id -instance: id during sync_power_state the instance has a pending task spawning. skip.,60,2448,nova-compute,['2017-05-14T21:27:09Z'],2017-05-14T21:27:09Z
nova-compute.log.ts pid info nova.compute.manager req_id-id -instance: id during sync_power_state the instance has a pending task spawning. skip.,61,2448,nova-compute,['2017-05-14T21:27:09Z'],2017-05-14T21:27:09Z
nova-compute.log.ts pid info nova.compute.manager req_id-id -instance: id during sync_power_state the instance has a pending task spawning. skip.,62,2448,nova-compute,['2017-05-14T21:27:09Z'],2017-05-14T21:27:09Z
nova-compute.log.ts pid info nova.compute.manager req_id-id -instance: id during sync_power_state the instance has a pending task spawning. skip.,63,2448,nova-compute,['2017-05-14T21:27:09Z'],2017-05-14T21:27:09Z
nova-compute.log.ts pid info nova.compute.manager req_id-id -instance: id during sync_power_state the instance has a pending task spawning. skip.,64,2448,nova-compute,['2017-05-14T21:27:09Z'],2017-05-14T21:27:09Z
nova-compute.log.ts pid info nova.compute.manager req_id-id -instance: id during sync_power_state the instance has a pending task spawning. skip.,65,1836,nova-compute,['2017-05-14T21:27:09Z'],2017-05-14T21:27:09Z
nova-compute.log.ts pid info nova.compute.manager req_id-id -instance: id during sync_power_state the instance has a pending task spawning. skip.,66,2448,nova-compute,['2017-05-14T21:27:09Z'],2017-05-14T21:27:09Z
nova-compute.log.ts pid info nova.compute.manager req_id-id -instance: id during sync_power_state the instance has a pending task spawning. skip.,67,2448,nova-compute,['2017-05-14T21:27:09Z'],2017-05-14T21:27:09Z
nova-compute.log.ts pid info nova.compute.manager req_id-id -instance: id during sync_power_state the instance has a pending task spawning. skip.,68,3060,nova-compute,['2017-05-14T21:27:09Z'],2017-05-14T21:27:09Z
nova-compute.log.ts pid info nova.compute.manager req_id-id -instance: id during sync_power_state the instance has a pending task spawning. skip.,69,2448,nova-compute,['2017-05-14T21:27:09Z'],2017-05-14T21:27:09Z
nova-compute.log.ts pid info nova.virt.libvirt.imagecache req_id-id -image id at /var/lib/nova/instances/_base/id: checking,7,189943524,nova-compute,"['2017-05-14T21:27:09Z', '2017-05-14T21:56:26Z', '2017-05-16T13:55:31Z', '2017-05-17T12:02:35Z']",2017-05-15T17:55:58Z
nova-compute.log.ts pid info nova.compute.manager req_id-id -instance: id during sync_power_state the instance has a pending task spawning. skip.,70,2448,nova-compute,['2017-05-14T21:27:09Z'],2017-05-14T21:27:09Z
nova-compute.log.ts pid info nova.compute.manager req_id-id -instance: id during sync_power_state the instance has a pending task spawning. skip.,71,1836,nova-compute,['2017-05-14T21:27:09Z'],2017-05-14T21:27:09Z
nova-compute.log.ts pid info nova.compute.manager req_id-id -instance: id during sync_power_state the instance has a pending task spawning. skip.,72,2448,nova-compute,['2017-05-14T21:27:09Z'],2017-05-14T21:27:09Z
nova-compute.log.ts pid info nova.compute.manager req_id-id -instance: id during sync_power_state the instance has a pending task spawning. skip.,73,2448,nova-compute,['2017-05-14T21:27:09Z'],2017-05-14T21:27:09Z
nova-compute.log.ts pid info nova.compute.manager req_id-id -instance: id during sync_power_state the instance has a pending task spawning. skip.,74,1836,nova-compute,['2017-05-14T21:27:09Z'],2017-05-14T21:27:09Z
nova-compute.log.ts pid info nova.compute.manager req_id-id -instance: id during sync_power_state the instance has a pending task spawning. skip.,75,2448,nova-compute,['2017-05-14T21:27:09Z'],2017-05-14T21:27:09Z
nova-compute.log.ts pid info nova.compute.manager req_id-id -instance: id during sync_power_state the instance has a pending task spawning. skip.,76,2448,nova-compute,['2017-05-14T21:27:09Z'],2017-05-14T21:27:09Z
nova-compute.log.ts pid info nova.compute.manager req_id-id -instance: id during sync_power_state the instance has a pending task spawning. skip.,77,2448,nova-compute,['2017-05-14T21:27:09Z'],2017-05-14T21:27:09Z
nova-compute.log.ts pid info nova.compute.manager req_id-id -instance: id during sync_power_state the instance has a pending task spawning. skip.,78,2448,nova-compute,['2017-05-14T21:27:09Z'],2017-05-14T21:27:09Z
nova-compute.log.ts pid info nova.compute.manager req_id-id -instance: id during sync_power_state the instance has a pending task spawning. skip.,79,2448,nova-compute,['2017-05-14T21:27:09Z'],2017-05-14T21:27:09Z
nova-compute.log.ts pid info nova.virt.libvirt.imagecache req_id-id -image id at /var/lib/nova/instances/_base/id: in use: on this node 1 local 0 on other nodes sharing this instance storage,8,145033849,nova-compute,"['2017-05-14T21:27:09Z', '2017-05-14T21:56:26Z', '2017-05-16T13:55:31Z', '2017-05-17T12:02:35Z']",2017-05-15T17:55:58Z
nova-compute.log.ts pid info nova.compute.manager req_id-id -instance: id during sync_power_state the instance has a pending task spawning. skip.,80,2448,nova-compute,['2017-05-14T21:27:09Z'],2017-05-14T21:27:09Z
nova-compute.log.ts pid info nova.compute.manager req_id-id -instance: id during sync_power_state the instance has a pending task spawning. skip.,81,2448,nova-compute,['2017-05-14T21:27:09Z'],2017-05-14T21:27:09Z
nova-compute.log.ts pid info nova.compute.manager req_id-id -instance: id during sync_power_state the instance has a pending task spawning. skip.,82,2448,nova-compute,['2017-05-14T21:27:09Z'],2017-05-14T21:27:09Z
nova-compute.log.ts pid info nova.compute.manager req_id-id -instance: id during sync_power_state the instance has a pending task spawning. skip.,83,2448,nova-compute,['2017-05-14T21:27:09Z'],2017-05-14T21:27:09Z
nova-compute.log.ts pid info nova.compute.manager req_id-id -instance: id during sync_power_state the instance has a pending task spawning. skip.,84,2448,nova-compute,['2017-05-14T21:27:09Z'],2017-05-14T21:27:09Z
nova-compute.log.ts pid info nova.compute.manager req_id-id -instance: id during sync_power_state the instance has a pending task spawning. skip.,85,2448,nova-compute,['2017-05-14T21:27:09Z'],2017-05-14T21:27:09Z
nova-compute.log.ts pid info nova.compute.manager req_id-id -instance: id during sync_power_state the instance has a pending task spawning. skip.,86,2448,nova-compute,['2017-05-14T21:27:09Z'],2017-05-14T21:27:09Z
nova-compute.log.ts pid info nova.compute.manager req_id-id -instance: id during sync_power_state the instance has a pending task spawning. skip.,87,2448,nova-compute,['2017-05-14T21:27:09Z'],2017-05-14T21:27:09Z
nova-compute.log.ts pid info nova.compute.manager req_id-id -instance: id during sync_power_state the instance has a pending task spawning. skip.,88,1836,nova-compute,['2017-05-14T21:27:09Z'],2017-05-14T21:27:09Z
nova-compute.log.ts pid info nova.compute.manager req_id-id -instance: id during sync_power_state the instance has a pending task spawning. skip.,89,2448,nova-compute,['2017-05-14T21:27:09Z'],2017-05-14T21:27:09Z
nova-api.log.ts pid info nova.api.openstack.compute.server_external_events req_id-id -creating event network-vif-plugged:id for instance id,9,4264225,nova-api,"['2017-05-14T21:27:04Z', '2017-05-14T21:56:07Z', '2017-05-16T13:53:08Z', '2017-05-17T12:02:19Z']",2017-05-15T17:54:37Z
nova-compute.log.ts pid info nova.compute.manager req_id-id -instance: id during sync_power_state the instance has a pending task spawning. skip.,90,2448,nova-compute,['2017-05-14T21:27:09Z'],2017-05-14T21:27:09Z
nova-compute.log.ts pid info nova.compute.manager req_id-id -instance: id during sync_power_state the instance has a pending task spawning. skip.,91,2448,nova-compute,['2017-05-14T21:27:09Z'],2017-05-14T21:27:09Z
nova-compute.log.ts pid info nova.compute.manager req_id-id -instance: id during sync_power_state the instance has a pending task spawning. skip.,92,2448,nova-compute,['2017-05-14T21:27:09Z'],2017-05-14T21:27:09Z
nova-compute.log.ts pid info nova.compute.manager req_id-id -instance: id during sync_power_state the instance has a pending task spawning. skip.,93,2448,nova-compute,['2017-05-14T21:27:09Z'],2017-05-14T21:27:09Z
nova-compute.log.ts pid info nova.compute.manager req_id-id -instance: id during sync_power_state the instance has a pending task spawning. skip.,94,2448,nova-compute,['2017-05-14T21:27:09Z'],2017-05-14T21:27:09Z
nova-compute.log.ts pid info nova.compute.manager req_id-id -instance: id during sync_power_state the instance has a pending task spawning. skip.,95,3060,nova-compute,['2017-05-14T21:27:09Z'],2017-05-14T21:27:09Z
nova-compute.log.ts pid info nova.compute.manager req_id-id -instance: id during sync_power_state the instance has a pending task spawning. skip.,96,2448,nova-compute,['2017-05-14T21:27:09Z'],2017-05-14T21:27:09Z
nova-compute.log.ts pid info nova.compute.manager req_id-id -instance: id during sync_power_state the instance has a pending task spawning. skip.,97,2448,nova-compute,['2017-05-14T21:27:09Z'],2017-05-14T21:27:09Z
nova-compute.log.ts pid info nova.compute.manager req_id-id -instance: id during sync_power_state the instance has a pending task spawning. skip.,98,2448,nova-compute,['2017-05-14T21:27:09Z'],2017-05-14T21:27:09Z
nova-compute.log.ts pid info nova.compute.manager req_id-id -instance: id during sync_power_state the instance has a pending task spawning. skip.,99,2448,nova-compute,['2017-05-14T21:27:09Z'],2017-05-14T21:27:09Z
