template_id,template,occurrences
1,"<*> 2017-05-14 <*> <*> INFO <*> <*> <*> <*> - - -] <*> <*> <*> HTTP/1.1"" status: <*> len: <*> time: <*>",8571
2,nova-compute.log.2017-05-14_21:27:09 2017-05-14 <*> 2931 INFO <*> <*> <*> <*> - - -] <*> <*> <*> <*>,470
3,<*> <*> <*> 2931 INFO nova.compute.manager [-] [instance: <*> VM Stopped (Lifecycle Event),2067
4,"<*> <*> <*> 2931 WARNING nova.compute.manager [req-addc1839-2ed5-4778-b57e-5854eb7b8b09 - - - - -] While synchronizing instance power states, found 1 instances in the database and 0 instances on the hypervisor.",45
5,nova-compute.log.2017-05-14_21:27:09 2017-05-14 <*> 2931 INFO <*> <*> <*> <*> - - -] [instance: <*> <*> <*> <*> <*>,314
6,nova-compute.log.2017-05-14_21:27:09 2017-05-14 <*> 2931 INFO nova.compute.manager <*> <*> <*> - - -] [instance: 3edec1e4-9678-4a3a-a21b-a145a4ee5e61] <*> <*> <*> <*> <*> <*> <*> <*> <*> <*>,4
7,<*> <*> <*> 2931 INFO <*> [req-addc1839-2ed5-4778-b57e-5854eb7b8b09 - - - - -] <*> <*> <*> <*> <*>,13782
8,"<*> <*> <*> 2931 INFO nova.virt.libvirt.imagecache [req-addc1839-2ed5-4778-b57e-5854eb7b8b09 - - - - -] image 0673dd71-34c5-4fbb-86c4-40623fbe45b4 at (/var/lib/nova/instances/_base/a489c868f0c37da93b76227c91bb03908ac0e742): in use: on this node 1 local, 0 on other nodes sharing this instance storage",12043
9,<*> <*> <*> <*> INFO nova.api.openstack.compute.server_external_events <*> f7b8d1f1d4d44643b07fa10ca7d021fb e9746973ac574c6b8a9e8857f56a7608 - - -] Creating event <*> for instance <*>,2065
10,<*> <*> <*> 2931 INFO nova.virt.libvirt.driver [-] [instance: <*> Instance <*> successfully.,4130
11,<*> <*> <*> 2931 INFO nova.compute.manager <*> 113d3a99c3da401fbd62cc2caa5b96d2 54fadb412c4e40cdbaed9335e4c35a9e - - -] [instance: <*> Took <*> seconds to build instance.,2066
12,<*> <*> <*> 2931 INFO nova.compute.manager [-] [instance: <*> During sync_power_state the instance has a pending task (spawning). Skip.,65
13,"<*> <*> <*> <*> INFO nova.metadata.wsgi.server [-] <*> ""GET <*> HTTP/1.1"" status: <*> len: <*> time: <*>",9196
14,<*> <*> <*> 2931 INFO nova.compute.manager <*> <*> 54fadb412c4e40cdbaed9335e4c35a9e - - -] [instance: <*> Took <*> seconds to deallocate network for instance.,2065
15,<*> <*> <*> 25746 INFO nova.api.openstack.wsgi <*> f7b8d1f1d4d44643b07fa10ca7d021fb e9746973ac574c6b8a9e8857f56a7608 - - -] HTTP exception thrown: No instances found for any event,2064
16,<*> <*> <*> 2931 <*> nova.virt.libvirt.imagecache [req-addc1839-2ed5-4778-b57e-5854eb7b8b09 - - - - -] <*> base <*> /var/lib/nova/instances/_base/a489c868f0c37da93b76227c91bb03908ac0e742,18149
17,<*> 2017-05-14 <*> 2931 INFO <*> <*> - - - - -] <*> <*> <*> <*> <*> <*>,980
18,"<*> <*> <*> 2931 INFO nova.compute.claims <*> 113d3a99c3da401fbd62cc2caa5b96d2 54fadb412c4e40cdbaed9335e4c35a9e - - -] [instance: <*> Attempting claim: memory 2048 MB, disk 20 GB, vcpus 1 CPU",2065
19,<*> <*> <*> 2931 INFO nova.compute.claims <*> 113d3a99c3da401fbd62cc2caa5b96d2 54fadb412c4e40cdbaed9335e4c35a9e - - -] [instance: <*> <*> <*> <*> <*> <*> <*> <*>,12390
20,<*> <*> <*> 2931 INFO nova.compute.resource_tracker [req-addc1839-2ed5-4778-b57e-5854eb7b8b09 - - - - -] <*> <*> <*> <*> <*> <*> <*> <*>,3478
21,<*> <*> <*> 2931 INFO nova.compute.resource_tracker [req-addc1839-2ed5-4778-b57e-5854eb7b8b09 - - - - -] Final resource view: name=cp-1.slowvm1.tcloud-pg0.utah.cloudlab.us phys_ram=64172MB <*> phys_disk=15GB <*> total_vcpus=16 <*> pci_stats=[],1739
22,nova-compute.log.2017-05-14_21:27:09 2017-05-14 <*> 2931 INFO nova.compute.manager <*> <*> <*> - - -] [instance: 3416d0fa-6f0f-41ce-9c0a-59ae9a735da8] <*> <*> <*> <*> <*> <*> <*> <*> <*> <*>,4
23,nova-compute.log.2017-05-14_21:27:09 2017-05-14 <*> 2931 INFO nova.compute.manager <*> <*> <*> - - -] [instance: 874ffb7b-49b3-4c6d-a2e9-35bf272650b1] <*> <*> <*> <*> <*> <*> <*> <*> <*> <*>,3
24,<*> <*> <*> 25998 INFO nova.scheduler.host_manager <*> - - - - -] Successfully synced instances from host 'cp-1.slowvm1.tcloud-pg0.utah.cloudlab.us'.,502
25,nova-compute.log.2017-05-14_21:27:09 2017-05-14 <*> 2931 INFO nova.compute.manager <*> <*> <*> - - -] [instance: 748f18b4-88e3-4b60-822a-f2b25fac50b2] <*> <*> <*> <*> <*> <*> <*> <*> <*> <*>,3
26,nova-compute.log.2017-05-14_21:27:09 2017-05-14 <*> 2931 INFO nova.compute.manager <*> <*> <*> - - -] [instance: 20ae04a8-169b-43fc-87cc-52cdf2fa77d3] <*> <*> <*> <*> <*> <*> <*> <*> <*> <*>,3
27,nova-compute.log.2017-05-14_21:27:09 2017-05-14 <*> 2931 INFO nova.compute.manager <*> <*> <*> - - -] [instance: e15ce82b-f229-4c22-9fc3-8d30dd349cf6] <*> <*> <*> <*> <*> <*> <*> <*> <*> <*>,4
28,<*> <*> <*> 25998 INFO nova.scheduler.host_manager <*> - - - - -] The instance sync for host 'cp-1.slowvm1.tcloud-pg0.utah.cloudlab.us' did not match. Re-created its InstanceList.,364
29,nova-compute.log.2017-05-14_21:27:09 2017-05-14 <*> 2931 INFO nova.compute.manager <*> <*> <*> - - -] [instance: 3475e6b6-0bc7-4218-84e2-e17ba43e6e0d] <*> <*> <*> <*> <*> <*> <*> <*> <*> <*>,4
30,nova-compute.log.2017-05-14_21:27:09 2017-05-14 <*> 2931 INFO nova.compute.manager <*> <*> <*> - - -] [instance: 2e8c8c4a-823f-4d79-bb72-996b528cbca4] <*> <*> <*> <*> <*> <*> <*> <*> <*> <*>,4
31,nova-compute.log.2017-05-14_21:27:09 2017-05-14 <*> 2931 INFO nova.compute.manager <*> <*> <*> - - -] [instance: 5683e2e2-d5e0-48b8-9f30-a2216254e851] <*> <*> <*> <*> <*> <*> <*> <*> <*> <*>,4
32,nova-compute.log.2017-05-14_21:27:09 2017-05-14 <*> 2931 INFO nova.compute.manager <*> <*> <*> - - -] [instance: 53a49cc8-0870-47f1-a33c-8bdb40a4a5fa] <*> <*> <*> <*> <*> <*> <*> <*> <*> <*>,4
33,<*> <*> <*> 2931 INFO nova.virt.libvirt.imagecache [req-addc1839-2ed5-4778-b57e-5854eb7b8b09 - - - - -] Base or swap file too young to remove: /var/lib/nova/instances/_base/a489c868f0c37da93b76227c91bb03908ac0e742,995
34,nova-compute.log.2017-05-14_21:27:09 2017-05-14 <*> 2931 INFO nova.compute.manager <*> <*> <*> - - -] [instance: ff591e5e-e6f2-4a41-84c4-99d889344f20] <*> <*> <*> <*> <*> <*> <*> <*> <*> <*>,4
35,nova-compute.log.2017-05-14_21:27:09 2017-05-14 <*> 2931 INFO nova.compute.manager <*> <*> <*> - - -] [instance: 5f70629e-2759-4e41-b89d-25a1f4d16399] <*> <*> <*> <*> <*> <*> <*> <*> <*> <*>,4
36,nova-compute.log.2017-05-14_21:27:09 2017-05-14 <*> 2931 INFO nova.compute.manager <*> <*> <*> - - -] [instance: 4e05e0e0-9ec3-4beb-a6f4-4e071884ec98] <*> <*> <*> <*> <*> <*> <*> <*> <*> <*>,4
37,nova-compute.log.2017-05-14_21:27:09 2017-05-14 <*> 2931 INFO nova.compute.manager <*> <*> <*> - - -] [instance: df31d190-68af-4d8c-92d7-78034acae031] <*> <*> <*> <*> <*> <*> <*> <*> <*> <*>,4
38,nova-compute.log.2017-05-14_21:27:09 2017-05-14 <*> 2931 INFO nova.compute.manager <*> <*> <*> - - -] [instance: 993aa6ff-b8e2-4966-a785-4e5f0fe28ce9] <*> <*> <*> <*> <*> <*> <*> <*> <*> <*>,4
39,nova-compute.log.2017-05-14_21:27:09 2017-05-14 <*> 2931 INFO nova.compute.manager <*> <*> <*> - - -] [instance: af9d460c-89bf-4b71-b362-0b10adc2ff37] <*> <*> <*> <*> <*> <*> <*> <*> <*> <*>,4
40,nova-compute.log.2017-05-14_21:27:09 2017-05-14 <*> 2931 INFO nova.compute.manager <*> <*> <*> - - -] [instance: f14b2b2f-4cc2-450a-8314-ab3b6f6f30a0] <*> <*> <*> <*> <*> <*> <*> <*> <*> <*>,4
41,<*> <*> <*> 2931 WARNING nova.virt.libvirt.driver [req-addc1839-2ed5-4778-b57e-5854eb7b8b09 - - - - -] couldn't obtain the vcpu count from domain id: <*> exception: Requested operation is not valid: cpu affinity is not supported,12
42,nova-compute.log.2017-05-14_21:27:09 2017-05-14 <*> 2931 INFO nova.compute.manager <*> <*> <*> - - -] [instance: b93203d4-c79b-41fe-8090-5f2b89b0d081] <*> <*> <*> <*> <*> <*> <*> <*> <*> <*>,4
43,nova-compute.log.2017-05-14_21:27:09 2017-05-14 <*> 2931 INFO nova.compute.manager <*> <*> <*> - - -] [instance: a642a091-0eba-48db-b4aa-51f1453995d1] <*> <*> <*> <*> <*> <*> <*> <*> <*> <*>,4
44,nova-compute.log.2017-05-14_21:27:09 2017-05-14 <*> 2931 INFO nova.compute.manager <*> <*> <*> - - -] [instance: d3c2c16b-f0f8-4a6c-80e9-7d293ebe4f68] <*> <*> <*> <*> <*> <*> <*> <*> <*> <*>,4
45,nova-compute.log.2017-05-14_21:27:09 2017-05-14 <*> 2931 INFO nova.compute.manager <*> <*> <*> - - -] [instance: 8233d344-744a-47b0-84ba-b768fed29b35] <*> <*> <*> <*> <*> <*> <*> <*> <*> <*>,4
46,nova-compute.log.2017-05-14_21:27:09 2017-05-14 <*> 2931 INFO nova.compute.manager <*> <*> <*> - - -] [instance: 45508f66-530a-4ee4-ab8b-ea6677246cb5] <*> <*> <*> <*> <*> <*> <*> <*> <*> <*>,5
47,nova-compute.log.2017-05-14_21:27:09 2017-05-14 <*> 2931 INFO nova.compute.manager <*> <*> <*> - - -] [instance: 969dbe7f-36a6-422b-988b-31f9e0ccd93d] <*> <*> <*> <*> <*> <*> <*> <*> <*> <*>,4
48,nova-compute.log.2017-05-14_21:27:09 2017-05-14 <*> 2931 INFO nova.compute.manager <*> <*> <*> - - -] [instance: cdd59e0a-ebc8-42d0-a603-98f17f713ed7] <*> <*> <*> <*> <*> <*> <*> <*> <*> <*>,4
49,nova-compute.log.2017-05-14_21:27:09 2017-05-14 <*> 2931 INFO nova.compute.manager <*> <*> <*> - - -] [instance: f6a24803-281d-49f6-8c29-c14e71fd0650] <*> <*> <*> <*> <*> <*> <*> <*> <*> <*>,4
50,nova-compute.log.2017-05-14_21:27:09 2017-05-14 <*> 2931 INFO nova.compute.manager <*> <*> <*> - - -] [instance: 636b44eb-4c54-4438-90a6-68a156f33b6d] <*> <*> <*> <*> <*> <*> <*> <*> <*> <*>,4
51,nova-compute.log.2017-05-14_21:27:09 2017-05-14 <*> 2931 INFO nova.compute.manager <*> <*> <*> - - -] [instance: 4ed2be21-dd2b-4d7f-aaab-6461150f9907] <*> <*> <*> <*> <*> <*> <*> <*> <*> <*>,4
52,nova-compute.log.2017-05-14_21:27:09 2017-05-14 <*> 2931 INFO nova.compute.manager <*> <*> <*> - - -] [instance: fac7db77-5f4b-46dd-b3ad-6f54fd90a6cf] <*> <*> <*> <*> <*> <*> <*> <*> <*> <*>,4
53,nova-compute.log.2017-05-14_21:27:09 2017-05-14 <*> 2931 INFO nova.compute.manager <*> <*> <*> - - -] [instance: 2d33540d-2191-4695-9d6a-aa745ef9a1a9] <*> <*> <*> <*> <*> <*> <*> <*> <*> <*>,4
54,nova-compute.log.2017-05-14_21:27:09 2017-05-14 <*> 2931 INFO nova.compute.manager <*> <*> <*> - - -] [instance: 4d59535f-5fef-48ed-a2fe-557fea4e22b0] <*> <*> <*> <*> <*> <*> <*> <*> <*> <*>,4
55,nova-compute.log.2017-05-14_21:27:09 2017-05-14 <*> 2931 INFO nova.compute.manager <*> <*> <*> - - -] [instance: df20656c-8ea7-4f5c-949d-23e71f5f06bd] <*> <*> <*> <*> <*> <*> <*> <*> <*> <*>,4
56,<*> <*> <*> 2931 INFO nova.compute.manager [req-addc1839-2ed5-4778-b57e-5854eb7b8b09 - - - - -] Running instance usage audit for host cp-1.slowvm1.tcloud-pg0.utah.cloudlab.us from <*> <*> to <*> <*> <*> instances.,30
57,nova-compute.log.2017-05-14_21:27:09 2017-05-14 <*> 2931 INFO nova.compute.manager <*> <*> <*> - - -] [instance: 56bbbaa6-d1d1-4243-bca0-be9371daceed] <*> <*> <*> <*> <*> <*> <*> <*> <*> <*>,4
58,nova-compute.log.2017-05-14_21:27:09 2017-05-14 <*> 2931 INFO nova.compute.manager <*> <*> <*> - - -] [instance: b043f927-338a-4816-bfe2-84ba3d56ecc3] <*> <*> <*> <*> <*> <*> <*> <*> <*> <*>,4
59,nova-compute.log.2017-05-14_21:27:09 2017-05-14 <*> 2931 INFO nova.compute.manager <*> <*> <*> - - -] [instance: e1ca809f-1e8e-41d6-a515-a153b9773d3e] <*> <*> <*> <*> <*> <*> <*> <*> <*> <*>,4
60,nova-compute.log.2017-05-14_21:27:09 2017-05-14 <*> 2931 INFO nova.compute.manager <*> <*> <*> - - -] [instance: 53edb4bd-93dd-4237-8c64-ba8d8f5e3b34] <*> <*> <*> <*> <*> <*> <*> <*> <*> <*>,4
61,nova-compute.log.2017-05-14_21:27:09 2017-05-14 <*> 2931 INFO nova.compute.manager <*> <*> <*> - - -] [instance: d17dcb59-d2df-443d-9acf-bea2de2e96cf] <*> <*> <*> <*> <*> <*> <*> <*> <*> <*>,4
62,nova-compute.log.2017-05-14_21:27:09 2017-05-14 <*> 2931 INFO nova.compute.manager <*> <*> <*> - - -] [instance: 1b403aac-3d6e-49de-aacf-4548fb97f58d] <*> <*> <*> <*> <*> <*> <*> <*> <*> <*>,4
63,nova-compute.log.2017-05-14_21:27:09 2017-05-14 <*> 2931 INFO nova.compute.manager <*> <*> <*> - - -] [instance: 1d53a142-ce58-4cb2-be87-8d46966e5f99] <*> <*> <*> <*> <*> <*> <*> <*> <*> <*>,4
64,nova-compute.log.2017-05-14_21:27:09 2017-05-14 <*> 2931 INFO nova.compute.manager <*> <*> <*> - - -] [instance: 1aae3f11-e850-4550-9e8e-740db282d538] <*> <*> <*> <*> <*> <*> <*> <*> <*> <*>,4
65,nova-compute.log.2017-05-14_21:27:09 2017-05-14 <*> 2931 INFO nova.compute.manager <*> <*> <*> - - -] [instance: 45d54c78-36c7-4a4b-b402-3daa54d446b1] <*> <*> <*> <*> <*> <*> <*> <*> <*> <*>,3
66,nova-compute.log.2017-05-14_21:27:09 2017-05-14 <*> 2931 INFO nova.compute.manager <*> <*> <*> - - -] [instance: fc1e0afa-e01f-4892-85f5-83742a69a416] <*> <*> <*> <*> <*> <*> <*> <*> <*> <*>,4
67,nova-compute.log.2017-05-14_21:27:09 2017-05-14 <*> 2931 INFO nova.compute.manager <*> <*> <*> - - -] [instance: aa70b8f3-122f-49f9-9d88-efcdbbd1a9d2] <*> <*> <*> <*> <*> <*> <*> <*> <*> <*>,4
68,nova-compute.log.2017-05-14_21:27:09 2017-05-14 <*> 2931 INFO nova.compute.manager <*> <*> <*> - - -] [instance: 4ad93dba-0941-4a90-9eb0-7b51ce5288cd] <*> <*> <*> <*> <*> <*> <*> <*> <*> <*>,5
69,nova-compute.log.2017-05-14_21:27:09 2017-05-14 <*> 2931 INFO nova.compute.manager <*> <*> <*> - - -] [instance: f96a82ca-483e-437a-adfd-8f9054497337] <*> <*> <*> <*> <*> <*> <*> <*> <*> <*>,4
70,nova-compute.log.2017-05-14_21:27:09 2017-05-14 <*> 2931 INFO nova.compute.manager <*> <*> <*> - - -] [instance: be0c740e-1556-479b-b78a-8e0e9e71ebd6] <*> <*> <*> <*> <*> <*> <*> <*> <*> <*>,4
71,nova-compute.log.2017-05-14_21:27:09 2017-05-14 <*> 2931 INFO nova.compute.manager <*> <*> <*> - - -] [instance: 7953dc44-3e59-4a77-86a6-333ad03f4efa] <*> <*> <*> <*> <*> <*> <*> <*> <*> <*>,3
72,nova-compute.log.2017-05-14_21:27:09 2017-05-14 <*> 2931 INFO nova.compute.manager <*> <*> <*> - - -] [instance: f6a102cb-e269-4fa8-860f-19a3d13d60f5] <*> <*> <*> <*> <*> <*> <*> <*> <*> <*>,4
73,nova-compute.log.2017-05-14_21:27:09 2017-05-14 <*> 2931 INFO nova.compute.manager <*> <*> <*> - - -] [instance: 942d95b2-843b-4199-9d3d-a68dfeba5780] <*> <*> <*> <*> <*> <*> <*> <*> <*> <*>,4
74,nova-compute.log.2017-05-14_21:27:09 2017-05-14 <*> 2931 INFO nova.compute.manager <*> <*> <*> - - -] [instance: 39a1204b-e3ea-4544-bffe-c61289a5d039] <*> <*> <*> <*> <*> <*> <*> <*> <*> <*>,3
75,nova-compute.log.2017-05-14_21:27:09 2017-05-14 <*> 2931 INFO nova.compute.manager <*> <*> <*> - - -] [instance: c2e493b9-a0f5-4a51-8a5e-90a38c78ab05] <*> <*> <*> <*> <*> <*> <*> <*> <*> <*>,4
76,nova-compute.log.2017-05-14_21:27:09 2017-05-14 <*> 2931 INFO nova.compute.manager <*> <*> <*> - - -] [instance: 165779d5-2169-453e-a112-7ea28fd4ad07] <*> <*> <*> <*> <*> <*> <*> <*> <*> <*>,4
77,nova-compute.log.2017-05-14_21:27:09 2017-05-14 <*> 2931 INFO nova.compute.manager <*> <*> <*> - - -] [instance: bbac58ce-003a-4a2b-9558-bc1b9d791fd9] <*> <*> <*> <*> <*> <*> <*> <*> <*> <*>,4
78,nova-compute.log.2017-05-14_21:27:09 2017-05-14 <*> 2931 INFO nova.compute.manager <*> <*> <*> - - -] [instance: f71335e9-ba7c-4aaf-a694-5fb8f4b0971c] <*> <*> <*> <*> <*> <*> <*> <*> <*> <*>,4
79,nova-compute.log.2017-05-14_21:27:09 2017-05-14 <*> 2931 INFO nova.compute.manager <*> <*> <*> - - -] [instance: 8b38fb89-c7eb-4f8d-8f9a-a7b77e80a5df] <*> <*> <*> <*> <*> <*> <*> <*> <*> <*>,4
80,nova-compute.log.2017-05-14_21:27:09 2017-05-14 <*> 2931 INFO nova.compute.manager <*> <*> <*> - - -] [instance: edf32284-d52c-4326-a2d6-47d829ed6aea] <*> <*> <*> <*> <*> <*> <*> <*> <*> <*>,4
81,nova-compute.log.2017-05-14_21:27:09 2017-05-14 <*> 2931 INFO nova.compute.manager <*> <*> <*> - - -] [instance: 62e51fb2-fadc-4d93-8d22-ac63e63fda25] <*> <*> <*> <*> <*> <*> <*> <*> <*> <*>,4
82,nova-compute.log.2017-05-14_21:27:09 2017-05-14 <*> 2931 INFO nova.compute.manager <*> <*> <*> - - -] [instance: 74f52824-28d7-4056-8dd4-a102870729ff] <*> <*> <*> <*> <*> <*> <*> <*> <*> <*>,4
83,nova-compute.log.2017-05-14_21:27:09 2017-05-14 <*> 2931 INFO nova.compute.manager <*> <*> <*> - - -] [instance: 4a903015-9dfa-43a8-bcc0-50e78262364c] <*> <*> <*> <*> <*> <*> <*> <*> <*> <*>,4
84,nova-compute.log.2017-05-14_21:27:09 2017-05-14 <*> 2931 INFO nova.compute.manager <*> <*> <*> - - -] [instance: 823a5c5c-7b22-4377-a7a1-d775040907c4] <*> <*> <*> <*> <*> <*> <*> <*> <*> <*>,4
85,nova-compute.log.2017-05-14_21:27:09 2017-05-14 <*> 2931 INFO nova.compute.manager <*> <*> <*> - - -] [instance: 13303fd6-9be4-4084-9a14-60b9070a1071] <*> <*> <*> <*> <*> <*> <*> <*> <*> <*>,4
86,nova-compute.log.2017-05-14_21:27:09 2017-05-14 <*> 2931 INFO nova.compute.manager <*> <*> <*> - - -] [instance: 1fd3cab1-862e-4bc6-8bde-da536983052f] <*> <*> <*> <*> <*> <*> <*> <*> <*> <*>,4
87,nova-compute.log.2017-05-14_21:27:09 2017-05-14 <*> 2931 INFO nova.compute.manager <*> <*> <*> - - -] [instance: 678813da-f02c-4aea-9dab-e5687563007b] <*> <*> <*> <*> <*> <*> <*> <*> <*> <*>,4
88,nova-compute.log.2017-05-14_21:27:09 2017-05-14 <*> 2931 INFO nova.compute.manager <*> <*> <*> - - -] [instance: 99583a33-38df-4206-8b7c-11fef4c01623] <*> <*> <*> <*> <*> <*> <*> <*> <*> <*>,3
89,nova-compute.log.2017-05-14_21:27:09 2017-05-14 <*> 2931 INFO nova.compute.manager <*> <*> <*> - - -] [instance: a6899336-f8ec-44d6-991d-3a825df41e52] <*> <*> <*> <*> <*> <*> <*> <*> <*> <*>,4
90,nova-compute.log.2017-05-14_21:27:09 2017-05-14 <*> 2931 INFO nova.compute.manager <*> <*> <*> - - -] [instance: e5850bd7-ebd5-40b5-b2da-abf6efd934e6] <*> <*> <*> <*> <*> <*> <*> <*> <*> <*>,4
91,nova-compute.log.2017-05-14_21:27:09 2017-05-14 <*> 2931 INFO nova.compute.manager <*> <*> <*> - - -] [instance: e83f52e6-747c-4d27-b8f1-c62c8e6eff02] <*> <*> <*> <*> <*> <*> <*> <*> <*> <*>,4
92,nova-compute.log.2017-05-14_21:27:09 2017-05-14 <*> 2931 INFO nova.compute.manager <*> <*> <*> - - -] [instance: 6db3c764-0670-4e69-9e2d-3c61d2ef9151] <*> <*> <*> <*> <*> <*> <*> <*> <*> <*>,4
93,nova-compute.log.2017-05-14_21:27:09 2017-05-14 <*> 2931 INFO nova.compute.manager <*> <*> <*> - - -] [instance: 579478d1-23e1-4c6e-899a-f789a2c1e59b] <*> <*> <*> <*> <*> <*> <*> <*> <*> <*>,4
94,nova-compute.log.2017-05-14_21:27:09 2017-05-14 <*> 2931 INFO nova.compute.manager <*> <*> <*> - - -] [instance: 4ee2ad9d-ff1a-4e58-a053-9db8efcec0cd] <*> <*> <*> <*> <*> <*> <*> <*> <*> <*>,4
95,nova-compute.log.2017-05-14_21:27:09 2017-05-14 <*> 2931 INFO nova.compute.manager <*> <*> <*> - - -] [instance: 2ba39df0-2723-4431-a4c9-b3335298f0be] <*> <*> <*> <*> <*> <*> <*> <*> <*> <*>,5
96,nova-compute.log.2017-05-14_21:27:09 2017-05-14 <*> 2931 INFO nova.compute.manager <*> <*> <*> - - -] [instance: b0140120-7447-4252-8015-4e14b22f6e8b] <*> <*> <*> <*> <*> <*> <*> <*> <*> <*>,4
97,nova-compute.log.2017-05-14_21:27:09 2017-05-14 <*> 2931 INFO nova.compute.manager <*> <*> <*> - - -] [instance: 381cc41a-c18d-4604-be10-4721a978d62d] <*> <*> <*> <*> <*> <*> <*> <*> <*> <*>,4
98,nova-compute.log.2017-05-14_21:27:09 2017-05-14 <*> 2931 INFO nova.compute.manager <*> <*> <*> - - -] [instance: 983f91b3-13d5-48ca-bca9-6dd146e98de7] <*> <*> <*> <*> <*> <*> <*> <*> <*> <*>,4
99,nova-compute.log.2017-05-14_21:27:09 2017-05-14 <*> 2931 INFO nova.compute.manager <*> <*> <*> - - -] [instance: 293a8abc-b6b2-4c7d-97d4-65ffe15167fe] <*> <*> <*> <*> <*> <*> <*> <*> <*> <*>,4
100,nova-compute.log.2017-05-14_21:27:09 2017-05-14 <*> 2931 INFO nova.compute.manager <*> <*> <*> - - -] [instance: d6a258a5-9c6a-48cc-b4d7-d40be6738049] <*> <*> <*> <*> <*> <*> <*> <*> <*> <*>,4
101,nova-compute.log.2017-05-14_21:27:09 2017-05-14 <*> 2931 INFO nova.compute.manager <*> <*> <*> - - -] [instance: 0b058ca8-a3b0-444c-bb6e-c8eb1b7a71b7] <*> <*> <*> <*> <*> <*> <*> <*> <*> <*>,4
102,nova-compute.log.2017-05-14_21:27:09 2017-05-14 <*> 2931 INFO nova.compute.manager <*> <*> <*> - - -] [instance: 43604db1-75f1-45f7-82d1-b93a9be4538a] <*> <*> <*> <*> <*> <*> <*> <*> <*> <*>,4
103,nova-compute.log.2017-05-14_21:27:09 2017-05-14 <*> 2931 INFO nova.compute.manager <*> <*> <*> - - -] [instance: a6c5e900-d575-4447-a815-3e156c84aa90] <*> <*> <*> <*> <*> <*> <*> <*> <*> <*>,4
104,nova-compute.log.2017-05-14_21:27:09 2017-05-14 <*> 2931 INFO nova.compute.manager <*> <*> <*> - - -] [instance: e9a1c8fd-34e6-4dc3-8a80-cec85ffdf62e] <*> <*> <*> <*> <*> <*> <*> <*> <*> <*>,4
105,nova-compute.log.2017-05-14_21:27:09 2017-05-14 <*> 2931 INFO nova.compute.manager <*> <*> <*> - - -] [instance: f3253bb8-9a74-431d-8b5c-317caec23c3a] <*> <*> <*> <*> <*> <*> <*> <*> <*> <*>,3
106,nova-compute.log.2017-05-14_21:27:09 2017-05-14 <*> 2931 INFO nova.compute.manager <*> <*> <*> - - -] [instance: edbdf46f-f748-42a1-923f-14a30cfe6ffe] <*> <*> <*> <*> <*> <*> <*> <*> <*> <*>,4
107,nova-compute.log.2017-05-14_21:27:09 2017-05-14 <*> 2931 INFO nova.compute.manager <*> <*> <*> - - -] [instance: 97662f78-a904-4fe3-88eb-2f96d2e74fc4] <*> <*> <*> <*> <*> <*> <*> <*> <*> <*>,4
108,nova-compute.log.2017-05-14_21:27:09 2017-05-14 <*> 2931 INFO nova.compute.manager <*> <*> <*> - - -] [instance: 11725358-1898-4443-98db-4ee5642f9f9e] <*> <*> <*> <*> <*> <*> <*> <*> <*> <*>,4
109,nova-compute.log.2017-05-14_21:27:09 2017-05-14 <*> 2931 INFO nova.compute.manager <*> <*> <*> - - -] [instance: a1541bc9-921f-40be-b524-3bb60e25abf6] <*> <*> <*> <*> <*> <*> <*> <*> <*> <*>,4
110,nova-compute.log.2017-05-14_21:27:09 2017-05-14 <*> 2931 INFO nova.compute.manager <*> <*> <*> - - -] [instance: b3306d6a-02f7-42c2-94d4-21b7e08391ee] <*> <*> <*> <*> <*> <*> <*> <*> <*> <*>,4
111,nova-compute.log.2017-05-14_21:27:09 2017-05-14 <*> 2931 INFO nova.compute.manager <*> <*> <*> - - -] [instance: db03eac2-0e34-406b-82d8-b373515d81f9] <*> <*> <*> <*> <*> <*> <*> <*> <*> <*>,4
112,nova-compute.log.2017-05-14_21:27:09 2017-05-14 <*> 2931 INFO nova.compute.manager <*> <*> <*> - - -] [instance: f7f60458-4e48-4ce1-b3f0-8fcd7f619c0a] <*> <*> <*> <*> <*> <*> <*> <*> <*> <*>,4
113,nova-compute.log.2017-05-14_21:27:09 2017-05-14 <*> 2931 INFO nova.compute.manager <*> <*> <*> - - -] [instance: 67089a83-23da-4a1f-9dfa-b0aaf6ecc80f] <*> <*> <*> <*> <*> <*> <*> <*> <*> <*>,4
114,nova-compute.log.2017-05-14_21:27:09 2017-05-14 <*> 2931 INFO nova.compute.manager <*> <*> <*> - - -] [instance: 8b9da7b6-3469-4443-9fa4-de62b3c2b1d9] <*> <*> <*> <*> <*> <*> <*> <*> <*> <*>,4
115,nova-compute.log.2017-05-14_21:27:09 2017-05-14 <*> 2931 INFO nova.compute.manager <*> <*> <*> - - -] [instance: a6ed3435-01c1-412a-93b6-2e431429c21a] <*> <*> <*> <*> <*> <*> <*> <*> <*> <*>,4
116,nova-compute.log.2017-05-14_21:27:09 2017-05-14 <*> 2931 INFO nova.compute.manager <*> <*> <*> - - -] [instance: 21354a9e-a5b1-4412-a444-27374721659b] <*> <*> <*> <*> <*> <*> <*> <*> <*> <*>,4
117,nova-compute.log.2017-05-14_21:27:09 2017-05-14 <*> 2931 INFO nova.compute.manager <*> <*> <*> - - -] [instance: 299b4572-c29a-45fb-b7df-824666bde03d] <*> <*> <*> <*> <*> <*> <*> <*> <*> <*>,3
118,nova-compute.log.2017-05-14_21:27:09 2017-05-14 <*> 2931 INFO nova.compute.manager <*> <*> <*> - - -] [instance: 63036434-8b9a-4a24-999d-540f51a7b43e] <*> <*> <*> <*> <*> <*> <*> <*> <*> <*>,4
119,nova-compute.log.2017-05-14_21:27:09 2017-05-14 <*> 2931 INFO nova.compute.manager <*> <*> <*> - - -] [instance: daf33c72-1589-403d-a5f9-fc685d7a1f72] <*> <*> <*> <*> <*> <*> <*> <*> <*> <*>,5
120,nova-compute.log.2017-05-14_21:27:09 2017-05-14 <*> 2931 INFO nova.compute.manager <*> <*> <*> - - -] [instance: 0ca7d195-0715-4c5c-a603-04fa1cf2fc83] <*> <*> <*> <*> <*> <*> <*> <*> <*> <*>,4
121,nova-compute.log.2017-05-14_21:27:09 2017-05-14 <*> 2931 INFO nova.compute.manager <*> <*> <*> - - -] [instance: daaa2970-89ba-4330-8e5b-774c6d636570] <*> <*> <*> <*> <*> <*> <*> <*> <*> <*>,4
122,nova-compute.log.2017-05-14_21:27:09 2017-05-14 <*> 2931 INFO nova.compute.manager <*> <*> <*> - - -] [instance: 05aab6c8-0298-43a3-b439-102d389a632d] <*> <*> <*> <*> <*> <*> <*> <*> <*> <*>,3
123,nova-compute.log.2017-05-14_21:27:09 2017-05-14 <*> 2931 INFO nova.compute.manager <*> <*> <*> - - -] [instance: f03f6011-4901-450a-88d3-425f9398221a] <*> <*> <*> <*> <*> <*> <*> <*> <*> <*>,4
124,nova-compute.log.2017-05-14_21:27:09 2017-05-14 <*> 2931 INFO nova.compute.manager <*> <*> <*> - - -] [instance: 44fa8023-5aa1-469d-a533-73da7a35418c] <*> <*> <*> <*> <*> <*> <*> <*> <*> <*>,4
125,nova-compute.log.2017-05-14_21:27:09 2017-05-14 <*> 2931 INFO nova.compute.manager <*> <*> <*> - - -] [instance: 8ebf0386-a998-4164-ba52-1cef1209ec15] <*> <*> <*> <*> <*> <*> <*> <*> <*> <*>,4
126,nova-compute.log.2017-05-14_21:27:09 2017-05-14 <*> 2931 INFO nova.compute.manager <*> <*> <*> - - -] [instance: 9c9c9fd8-bef9-4fb4-835f-6be8ba1d20b9] <*> <*> <*> <*> <*> <*> <*> <*> <*> <*>,4
127,nova-compute.log.2017-05-14_21:27:09 2017-05-14 <*> 2931 INFO nova.compute.manager <*> <*> <*> - - -] [instance: 46a7d0ed-379a-49c2-abc6-b1c75601bfe9] <*> <*> <*> <*> <*> <*> <*> <*> <*> <*>,4
128,nova-compute.log.2017-05-14_21:27:09 2017-05-14 <*> 2931 INFO nova.compute.manager <*> <*> <*> - - -] [instance: df35feb8-79e3-4c60-af8e-85bb278e2076] <*> <*> <*> <*> <*> <*> <*> <*> <*> <*>,4
129,nova-compute.log.2017-05-14_21:27:09 2017-05-14 <*> 2931 INFO nova.compute.manager <*> <*> <*> - - -] [instance: 664224b3-5fe7-4d94-880a-3b39285b1f90] <*> <*> <*> <*> <*> <*> <*> <*> <*> <*>,4
130,nova-compute.log.2017-05-14_21:27:09 2017-05-14 <*> 2931 INFO nova.compute.manager <*> <*> <*> - - -] [instance: cf03987c-f2cd-44ce-b877-7151b9929bcd] <*> <*> <*> <*> <*> <*> <*> <*> <*> <*>,4
131,nova-compute.log.2017-05-14_21:27:09 2017-05-14 <*> 2931 INFO nova.compute.manager <*> <*> <*> - - -] [instance: 09d0f62d-7fe1-4cfa-9fde-41b9e9cd3c23] <*> <*> <*> <*> <*> <*> <*> <*> <*> <*>,4
132,nova-compute.log.2017-05-14_21:27:09 2017-05-14 <*> 2931 INFO nova.compute.manager <*> <*> <*> - - -] [instance: 0ab0fcd4-1a88-46f1-b007-e0e07b9399a3] <*> <*> <*> <*> <*> <*> <*> <*> <*> <*>,4
133,nova-compute.log.2017-05-14_21:27:09 2017-05-14 <*> 2931 INFO nova.compute.manager <*> <*> <*> - - -] [instance: 4ac5aa23-b924-453a-a0f1-85ce8bd12432] <*> <*> <*> <*> <*> <*> <*> <*> <*> <*>,4
134,nova-compute.log.2017-05-14_21:27:09 2017-05-14 <*> 2931 INFO nova.compute.manager <*> <*> <*> - - -] [instance: 04f10ff4-a5fb-4e37-b8cf-c7a6efc242f4] <*> <*> <*> <*> <*> <*> <*> <*> <*> <*>,4
135,nova-compute.log.2017-05-14_21:27:09 2017-05-14 <*> 2931 INFO nova.compute.manager <*> <*> <*> - - -] [instance: b3718a37-1a9f-48df-89f7-8c42661ec3a8] <*> <*> <*> <*> <*> <*> <*> <*> <*> <*>,4
136,nova-compute.log.2017-05-14_21:27:09 2017-05-14 <*> 2931 INFO nova.compute.manager <*> <*> <*> - - -] [instance: e128341d-b2c8-4edd-b80f-d1c70b303500] <*> <*> <*> <*> <*> <*> <*> <*> <*> <*>,4
137,nova-compute.log.2017-05-14_21:27:09 2017-05-14 <*> 2931 INFO nova.compute.manager <*> <*> <*> - - -] [instance: 7e67a1c0-f296-458e-9e2c-1d96afdf3051] <*> <*> <*> <*> <*> <*> <*> <*> <*> <*>,3
138,nova-compute.log.2017-05-14_21:27:09 2017-05-14 <*> 2931 INFO nova.compute.manager <*> <*> <*> - - -] [instance: 4a968ed4-bc85-4ef5-83b2-cba5060bafa5] <*> <*> <*> <*> <*> <*> <*> <*> <*> <*>,4
139,nova-compute.log.2017-05-14_21:27:09 2017-05-14 <*> 2931 INFO nova.compute.manager <*> <*> <*> - - -] [instance: 7eb500e0-477a-4997-b827-d28ab286cf0c] <*> <*> <*> <*> <*> <*> <*> <*> <*> <*>,4
140,nova-compute.log.2017-05-14_21:27:09 2017-05-14 <*> 2931 INFO nova.compute.manager <*> <*> <*> - - -] [instance: 04f61cf7-b995-4632-88a7-8b2b56305fb7] <*> <*> <*> <*> <*> <*> <*> <*> <*> <*>,4
141,nova-compute.log.2017-05-14_21:27:09 2017-05-14 <*> 2931 INFO nova.compute.manager <*> <*> <*> - - -] [instance: 9a1d8c51-be5d-4a87-b59b-0be0262ec487] <*> <*> <*> <*> <*> <*> <*> <*> <*> <*>,5
142,nova-compute.log.2017-05-14_21:27:09 2017-05-14 <*> 2931 INFO nova.compute.manager <*> <*> <*> - - -] [instance: 04c96eea-5666-4c95-bc33-bebd1c0d2f39] <*> <*> <*> <*> <*> <*> <*> <*> <*> <*>,4
143,nova-compute.log.2017-05-14_21:27:09 2017-05-14 <*> 2931 INFO nova.compute.manager <*> <*> <*> - - -] [instance: 611f95d7-dfa2-4587-92a9-203cf70db960] <*> <*> <*> <*> <*> <*> <*> <*> <*> <*>,4
144,nova-compute.log.2017-05-14_21:27:09 2017-05-14 <*> 2931 INFO nova.compute.manager <*> <*> <*> - - -] [instance: 14fd1ce7-ad9d-432f-89e2-ca36119aa284] <*> <*> <*> <*> <*> <*> <*> <*> <*> <*>,4
145,nova-compute.log.2017-05-14_21:27:09 2017-05-14 <*> 2931 INFO nova.compute.manager <*> <*> <*> - - -] [instance: f0668cd4-e78a-4fa9-9724-094e385c6dbb] <*> <*> <*> <*> <*> <*> <*> <*> <*> <*>,4
146,nova-compute.log.2017-05-14_21:27:09 2017-05-14 <*> 2931 INFO nova.compute.manager <*> <*> <*> - - -] [instance: d10bdaf5-08a2-4dee-8535-86a9fc013c0d] <*> <*> <*> <*> <*> <*> <*> <*> <*> <*>,4
147,nova-compute.log.2017-05-14_21:27:09 2017-05-14 <*> 2931 INFO nova.compute.manager <*> <*> <*> - - -] [instance: f15c5e04-169c-4484-8041-c4d4d86a7d2b] <*> <*> <*> <*> <*> <*> <*> <*> <*> <*>,4
148,nova-compute.log.2017-05-14_21:27:09 2017-05-14 <*> 2931 INFO nova.compute.manager <*> <*> <*> - - -] [instance: 58da1c37-c65a-4240-8ad8-9223470084f1] <*> <*> <*> <*> <*> <*> <*> <*> <*> <*>,4
149,nova-compute.log.2017-05-14_21:27:09 2017-05-14 <*> 2931 INFO nova.compute.manager <*> <*> <*> - - -] [instance: 9c06017f-fd04-47f4-9c83-7bf35b6d5e9b] <*> <*> <*> <*> <*> <*> <*> <*> <*> <*>,4
150,nova-compute.log.2017-05-14_21:27:09 2017-05-14 <*> 2931 INFO nova.compute.manager <*> <*> <*> - - -] [instance: 322a408a-1634-4800-b3d5-b62e7a9cc2ab] <*> <*> <*> <*> <*> <*> <*> <*> <*> <*>,4
151,nova-compute.log.2017-05-14_21:27:09 2017-05-14 <*> 2931 INFO nova.compute.manager <*> <*> <*> - - -] [instance: 2f2fbbd9-db59-48c9-9119-91edfffd04c0] <*> <*> <*> <*> <*> <*> <*> <*> <*> <*>,4
152,nova-compute.log.2017-05-14_21:27:09 2017-05-14 <*> 2931 INFO nova.compute.manager <*> <*> <*> - - -] [instance: 95bcbad0-0f31-4cfe-a4cb-c41a24c03d87] <*> <*> <*> <*> <*> <*> <*> <*> <*> <*>,4
153,nova-compute.log.2017-05-14_21:27:09 2017-05-14 <*> 2931 INFO nova.compute.manager <*> <*> <*> - - -] [instance: d7c7b763-9427-47d2-ace3-08035a001514] <*> <*> <*> <*> <*> <*> <*> <*> <*> <*>,4
154,nova-compute.log.2017-05-14_21:27:09 2017-05-14 <*> 2931 INFO nova.compute.manager <*> <*> <*> - - -] [instance: 544fd51c-4edc-4780-baae-ba1d80a0acfc] <*> <*> <*> <*> <*> <*> <*> <*> <*> <*>,4
155,nova-compute.log.2017-05-14_21:27:09 2017-05-14 <*> 2931 INFO nova.compute.manager <*> <*> <*> - - -] [instance: ae651dff-c7ad-43d6-ac96-bbcd820ccca8] <*> <*> <*> <*> <*> <*> <*> <*> <*> <*>,4
156,nova-compute.log.2017-05-14_21:27:09 2017-05-14 <*> 2931 INFO nova.compute.manager <*> <*> <*> - - -] [instance: 90b447c2-73bd-49fd-bf8c-358c7e16db84] <*> <*> <*> <*> <*> <*> <*> <*> <*> <*>,4
157,nova-compute.log.2017-05-14_21:27:09 2017-05-14 <*> 2931 INFO nova.compute.manager <*> <*> <*> - - -] [instance: 56abb95b-c1e8-4e00-a172-31ccd11bbb46] <*> <*> <*> <*> <*> <*> <*> <*> <*> <*>,3
158,nova-compute.log.2017-05-14_21:27:09 2017-05-14 <*> 2931 INFO nova.compute.manager <*> <*> <*> - - -] [instance: 620fe77d-bd27-4f1c-af47-0e09596b3fa3] <*> <*> <*> <*> <*> <*> <*> <*> <*> <*>,4
159,nova-compute.log.2017-05-14_21:27:09 2017-05-14 <*> 2931 INFO nova.compute.manager <*> <*> <*> - - -] [instance: f49bf478-6840-49bc-9d59-80cb8066e190] <*> <*> <*> <*> <*> <*> <*> <*> <*> <*>,4
160,nova-compute.log.2017-05-14_21:27:09 2017-05-14 <*> 2931 INFO nova.compute.manager <*> <*> <*> - - -] [instance: 3767ce86-aa8a-4339-b38f-e4c3d166a4f9] <*> <*> <*> <*> <*> <*> <*> <*> <*> <*>,4
161,nova-compute.log.2017-05-14_21:27:09 2017-05-14 <*> 2931 INFO nova.compute.manager <*> <*> <*> - - -] [instance: 9a99a4d5-4276-47ae-be46-04130b669f84] <*> <*> <*> <*> <*> <*> <*> <*> <*> <*>,4
162,nova-compute.log.2017-05-14_21:27:09 2017-05-14 <*> 2931 INFO nova.compute.manager <*> <*> <*> - - -] [instance: 8e7e780d-6e6f-4344-96e8-06baf256211d] <*> <*> <*> <*> <*> <*> <*> <*> <*> <*>,4
163,nova-compute.log.2017-05-14_21:27:09 2017-05-14 <*> 2931 INFO nova.compute.manager <*> <*> <*> - - -] [instance: 96d9b9d1-5b9b-47f4-a693-f752a845c2db] <*> <*> <*> <*> <*> <*> <*> <*> <*> <*>,4
164,nova-compute.log.2017-05-14_21:27:09 2017-05-14 <*> 2931 INFO nova.compute.manager <*> <*> <*> - - -] [instance: 5f15892f-b15b-4ad4-9097-05d02f7627a8] <*> <*> <*> <*> <*> <*> <*> <*> <*> <*>,4
165,nova-compute.log.2017-05-14_21:27:09 2017-05-14 <*> 2931 INFO nova.compute.manager <*> <*> <*> - - -] [instance: 41e0459c-4095-4932-9e4a-f5bcaff08d23] <*> <*> <*> <*> <*> <*> <*> <*> <*> <*>,4
166,nova-compute.log.2017-05-14_21:27:09 2017-05-14 <*> 2931 INFO nova.compute.manager <*> <*> <*> - - -] [instance: bdce6493-3038-467b-af24-871c889464dc] <*> <*> <*> <*> <*> <*> <*> <*> <*> <*>,4
167,nova-compute.log.2017-05-14_21:27:09 2017-05-14 <*> 2931 INFO nova.compute.manager <*> <*> <*> - - -] [instance: c26c0da7-5b1f-4b2c-8286-a152d69a449a] <*> <*> <*> <*> <*> <*> <*> <*> <*> <*>,4
168,nova-compute.log.2017-05-14_21:27:09 2017-05-14 <*> 2931 INFO nova.compute.manager <*> <*> <*> - - -] [instance: 657e9e59-0d1a-4043-b413-5f8912e6fecb] <*> <*> <*> <*> <*> <*> <*> <*> <*> <*>,3
169,nova-compute.log.2017-05-14_21:27:09 2017-05-14 <*> 2931 INFO nova.compute.manager <*> <*> <*> - - -] [instance: aa47a63c-6ec2-40ff-a523-ed316c2f59b1] <*> <*> <*> <*> <*> <*> <*> <*> <*> <*>,4
170,nova-compute.log.2017-05-14_21:27:09 2017-05-14 <*> 2931 INFO nova.compute.manager <*> <*> <*> - - -] [instance: 7cf01089-eb76-48c5-a272-6ccad4ff738d] <*> <*> <*> <*> <*> <*> <*> <*> <*> <*>,4
171,nova-compute.log.2017-05-14_21:27:09 2017-05-14 <*> 2931 INFO nova.compute.manager <*> <*> <*> - - -] [instance: f8fc6ae0-8f80-40f0-8fda-61240a221847] <*> <*> <*> <*> <*> <*> <*> <*> <*> <*>,3
172,nova-compute.log.2017-05-14_21:27:09 2017-05-14 <*> 2931 INFO nova.compute.manager <*> <*> <*> - - -] [instance: b7ceef8b-1ee8-480d-92fe-fc6336a421e4] <*> <*> <*> <*> <*> <*> <*> <*> <*> <*>,4
173,nova-compute.log.2017-05-14_21:27:09 2017-05-14 <*> 2931 INFO nova.compute.manager <*> <*> <*> - - -] [instance: f7d838e7-64de-430b-9201-1727d4370d0d] <*> <*> <*> <*> <*> <*> <*> <*> <*> <*>,4
174,nova-compute.log.2017-05-14_21:27:09 2017-05-14 <*> 2931 INFO nova.compute.manager <*> <*> <*> - - -] [instance: 48ebb1a4-59bf-4958-a6e8-99cedc1904fb] <*> <*> <*> <*> <*> <*> <*> <*> <*> <*>,4
175,nova-compute.log.2017-05-14_21:27:09 2017-05-14 <*> 2931 INFO nova.compute.manager <*> <*> <*> - - -] [instance: 500cf780-a46a-416e-b61d-6be88bfe48eb] <*> <*> <*> <*> <*> <*> <*> <*> <*> <*>,4
176,nova-compute.log.2017-05-14_21:27:09 2017-05-14 <*> 2931 INFO nova.compute.manager <*> <*> <*> - - -] [instance: ce6a597a-f627-437f-bb1f-dfd3170c1634] <*> <*> <*> <*> <*> <*> <*> <*> <*> <*>,4
177,nova-compute.log.2017-05-14_21:27:09 2017-05-14 <*> 2931 INFO nova.compute.manager <*> <*> <*> - - -] [instance: 6765b529-ee7d-46df-8264-d9a5b306f2eb] <*> <*> <*> <*> <*> <*> <*> <*> <*> <*>,4
178,nova-compute.log.2017-05-14_21:27:09 2017-05-14 <*> 2931 INFO nova.compute.manager <*> <*> <*> - - -] [instance: 32546cbe-eed6-49e5-8f00-52a865a79a1e] <*> <*> <*> <*> <*> <*> <*> <*> <*> <*>,4
179,nova-compute.log.2017-05-14_21:27:09 2017-05-14 <*> 2931 INFO nova.compute.manager <*> <*> <*> - - -] [instance: 67b8547d-ec40-4a9f-a264-5dcb7af6de7e] <*> <*> <*> <*> <*> <*> <*> <*> <*> <*>,4
180,nova-compute.log.2017-05-14_21:27:09 2017-05-14 <*> 2931 INFO nova.compute.manager <*> <*> <*> - - -] [instance: 20edf3a0-83c4-4769-8266-03fce86b4df0] <*> <*> <*> <*> <*> <*> <*> <*> <*> <*>,4
181,<*> <*> <*> 2931 INFO nova.compute.manager [req-3ea4052c-895d-4b64-9e2d-04d64c4d94ab - - - - -] [instance: <*> During sync_power_state the instance has a pending task (spawning). Skip.,3683
182,<*> <*> <*> 2931 INFO nova.compute.manager <*> 113d3a99c3da401fbd62cc2caa5b96d2 54fadb412c4e40cdbaed9335e4c35a9e - - -] [instance: <*> Took <*> seconds to <*> the instance on the hypervisor.,3820
183,<*> <*> <*> 2931 INFO <*> <*> 113d3a99c3da401fbd62cc2caa5b96d2 54fadb412c4e40cdbaed9335e4c35a9e - - -] [instance: <*> <*> <*>,5729
184,<*> <*> <*> 2931 INFO nova.virt.libvirt.driver <*> 113d3a99c3da401fbd62cc2caa5b96d2 54fadb412c4e40cdbaed9335e4c35a9e - - -] [instance: <*> <*> <*> <*> <*>,3818
185,"<*> 2017-05-16 <*> <*> INFO <*> <*> <*> <*> - - -] <*> <*> <*> HTTP/1.1"" status: <*> len: <*> time: <*>",56826
186,<*> 2017-05-16 <*> 2931 INFO <*> <*> - - - - -] <*> <*> <*> <*> <*> <*>,6564
187,<*> <*> <*> 2931 ERROR oslo_service.periodic_task [req-addc1839-2ed5-4778-b57e-5854eb7b8b09 - - - - -] Error during ComputeManager._run_image_cache_manager_pass,8
188,<*> <*> <*> <*> ERROR keystonemiddleware.auth_token <*> 113d3a99c3da401fbd62cc2caa5b96d2 54fadb412c4e40cdbaed9335e4c35a9e - - -] Bad response code while validating token: 503,2
189,"<*> <*> <*> <*> WARNING keystonemiddleware.auth_token <*> 113d3a99c3da401fbd62cc2caa5b96d2 54fadb412c4e40cdbaed9335e4c35a9e - - -] Identity response: <!DOCTYPE HTML PUBLIC ""-//IETF//DTD HTML 2.0//EN"">",2
190,<*> <*> <*> <*> CRITICAL keystonemiddleware.auth_token <*> 113d3a99c3da401fbd62cc2caa5b96d2 54fadb412c4e40cdbaed9335e4c35a9e - - -] Unable to validate token: Failed to fetch token data from identity server,2
191,<*> 2017-05-17 <*> 2931 INFO <*> <*> - - - - -] <*> <*> <*> <*> <*> <*>,2780
192,"<*> 2017-05-17 <*> <*> INFO <*> <*> <*> <*> - - -] <*> <*> <*> HTTP/1.1"" status: <*> len: <*> time: <*>",24140
