semantic_text,template_ids,occurrences,service,component,level,timestamp
- instance_id during sync_power_state the instance has a pending task spawning. skip.,25,1,nova.compute,nova.compute.manager,INFO,2017-05-16 00:09:49.599
- instance_id instance successfully.,7,1,nova.virt,nova.virt.libvirt.driver,INFO,"2017-05-16 00:00:10.302, 2017-05-16 00:00:17.754, 2017-05-16 00:00:51.658, 2017-05-16 00:00:59.739, 2017-05-16 00:01:32.992, 2017-05-16 00:01:40.141, 2017-05-16 00:02:14.362, 2017-05-16 00:02:21.879, 2017-05-16 00:02:55.646, 2017-05-16 00:03:03.750, 2017-05-16 00:03:37.002, 2017-05-16 00:03:44.247, 2017-05-16 00:04:18.473, 2017-05-16 00:04:26.173, 2017-05-16 00:05:00.012, 2017-05-16 00:05:08.050, 2017-05-16 00:05:41.236, 2017-05-16 00:05:48.454, 2017-05-16 00:06:22.565, 2017-05-16 00:06:30.173, 2017-05-16 00:07:03.945, 2017-05-16 00:07:11.927, 2017-05-16 00:07:45.253, 2017-05-16 00:07:53.772, 2017-05-16 00:08:26.601, 2017-05-16 00:08:34.059, 2017-05-16 00:09:08.053, 2017-05-16 00:09:16.094, 2017-05-16 00:09:49.429, 2017-05-16 00:09:57.957, 2017-05-16 00:10:30.873, 2017-05-16 00:10:38.153, 2017-05-16 00:11:12.170, 2017-05-16 00:11:19.872, 2017-05-16 00:11:53.482, 2017-05-16 00:12:01.806, 2017-05-16 00:12:34.936, 2017-05-16 00:12:42.178, 2017-05-16 00:13:16.313, 2017-05-16 00:13:23.967, 2017-05-16 00:13:57.756, 2017-05-16 00:14:05.776, 2017-05-16 00:14:39.066, 2017-05-16 00:14:47.663"
- instance_id vm stopped lifecycle event,20,1,nova.compute,nova.compute.manager,INFO,"2017-05-16 00:00:32.974, 2017-05-16 00:01:14.735, 2017-05-16 00:01:55.266, 2017-05-16 00:02:37.163, 2017-05-16 00:03:19.284, 2017-05-16 00:03:59.244, 2017-05-16 00:04:41.170, 2017-05-16 00:05:23.100, 2017-05-16 00:06:03.772, 2017-05-16 00:06:45.169, 2017-05-16 00:07:27.105, 2017-05-16 00:08:08.769, 2017-05-16 00:08:49.186, 2017-05-16 00:09:31.092, 2017-05-16 00:10:12.953, 2017-05-16 00:10:53.150, 2017-05-16 00:11:34.908, 2017-05-16 00:12:16.898, 2017-05-16 00:12:57.370, 2017-05-16 00:13:38.964, 2017-05-16 00:14:21.038"
- ipip get http/1.1 status: len: time:,12,1,nova.metadata,nova.metadata.wsgi.server,INFO,"2017-05-16 00:00:16.806, 2017-05-16 00:00:17.531, 2017-05-16 00:00:58.189, 2017-05-16 00:00:58.445, 2017-05-16 00:00:59.114, 2017-05-16 00:00:59.130, 2017-05-16 00:00:59.145, 2017-05-16 00:00:59.157, 2017-05-16 00:00:59.172, 2017-05-16 00:01:39.821, 2017-05-16 00:01:39.835, 2017-05-16 00:01:39.847, 2017-05-16 00:03:01.929, 2017-05-16 00:03:02.262, 2017-05-16 00:03:02.276, 2017-05-16 00:03:02.587, 2017-05-16 00:03:02.678, 2017-05-16 00:03:03.110, 2017-05-16 00:05:06.641, 2017-05-16 00:05:06.898, 2017-05-16 00:05:07.244, 2017-05-16 00:05:07.601, 2017-05-16 00:05:07.614, 2017-05-16 00:05:47.502, 2017-05-16 00:05:47.743, 2017-05-16 00:06:29.844, 2017-05-16 00:06:29.860, 2017-05-16 00:07:10.305, 2017-05-16 00:07:10.551, 2017-05-16 00:07:10.563, 2017-05-16 00:07:10.578, 2017-05-16 00:07:11.032, 2017-05-16 00:07:11.285, 2017-05-16 00:07:11.298, 2017-05-16 00:07:11.311, 2017-05-16 00:07:11.324, 2017-05-16 00:07:11.335, 2017-05-16 00:07:11.346, 2017-05-16 00:07:11.358, 2017-05-16 00:07:11.370, 2017-05-16 00:07:11.382, 2017-05-16 00:07:11.718, 2017-05-16 00:07:52.253, 2017-05-16 00:07:52.494, 2017-05-16 00:08:33.394, 2017-05-16 00:09:14.932, 2017-05-16 00:09:15.022, 2017-05-16 00:09:15.035, 2017-05-16 00:09:15.287, 2017-05-16 00:09:15.549, 2017-05-16 00:09:15.642, 2017-05-16 00:09:15.655, 2017-05-16 00:09:15.667, 2017-05-16 00:09:15.679, 2017-05-16 00:09:55.825, 2017-05-16 00:09:56.679, 2017-05-16 00:09:57.013, 2017-05-16 00:09:57.351, 2017-05-16 00:09:57.616, 2017-05-16 00:10:37.231, 2017-05-16 00:10:37.239, 2017-05-16 00:10:37.806, 2017-05-16 00:10:37.817, 2017-05-16 00:11:18.689, 2017-05-16 00:11:19.182, 2017-05-16 00:11:59.826, 2017-05-16 00:11:59.914, 2017-05-16 00:12:00.236, 2017-05-16 00:12:00.563, 2017-05-16 00:12:00.579, 2017-05-16 00:12:01.458, 2017-05-16 00:12:01.471, 2017-05-16 00:12:01.483, 2017-05-16 00:12:01.495, 2017-05-16 00:12:01.507, 2017-05-16 00:12:01.519, 2017-05-16 00:12:41.809, 2017-05-16 00:12:41.818, 2017-05-16 00:12:41.834, 2017-05-16 00:13:22.695, 2017-05-16 00:13:23.262, 2017-05-16 00:13:23.274, 2017-05-16 00:13:23.367, 2017-05-16 00:14:04.140, 2017-05-16 00:14:04.701, 2017-05-16 00:14:45.462, 2017-05-16 00:14:46.317, 2017-05-16 00:14:46.951, 2017-05-16 00:14:47.215"
req_id - - - - -,"2, 10, 16",3,"nova.compute, nova.virt, nova.scheduler","nova.compute.manager, nova.virt.libvirt.imagecache, nova.compute.resource_tracker, nova.scheduler.host_manager",INFO,"2017-05-16 00:00:04.500, 2017-05-16 00:00:04.562, 2017-05-16 00:00:05.185, 2017-05-16 00:00:10.296, 2017-05-16 00:00:10.417, 2017-05-16 00:00:10.421, 2017-05-16 00:00:14.329, 2017-05-16 00:00:15.141, 2017-05-16 00:00:44.514, 2017-05-16 00:00:44.582, 2017-05-16 00:00:45.249, 2017-05-16 00:00:50.142, 2017-05-16 00:00:51.650, 2017-05-16 00:00:51.771, 2017-05-16 00:00:55.377, 2017-05-16 00:01:13.632, 2017-05-16 00:01:25.141, 2017-05-16 00:01:26.460, 2017-05-16 00:01:26.524, 2017-05-16 00:01:30.142, 2017-05-16 00:01:32.985, 2017-05-16 00:01:33.105, 2017-05-16 00:01:35.147, 2017-05-16 00:01:40.382, 2017-05-16 00:02:05.159, 2017-05-16 00:02:07.339, 2017-05-16 00:02:07.403, 2017-05-16 00:02:10.413, 2017-05-16 00:02:14.351, 2017-05-16 00:02:14.477, 2017-05-16 00:02:14.775, 2017-05-16 00:02:15.138, 2017-05-16 00:02:20.366, 2017-05-16 00:02:48.985, 2017-05-16 00:02:49.156, 2017-05-16 00:02:50.202, 2017-05-16 00:02:55.541, 2017-05-16 00:02:55.637, 2017-05-16 00:02:55.757, 2017-05-16 00:03:00.138, 2017-05-16 00:03:05.181, 2017-05-16 00:03:16.676, 2017-05-16 00:03:30.161, 2017-05-16 00:03:31.011, 2017-05-16 00:03:31.081, 2017-05-16 00:03:35.416, 2017-05-16 00:03:36.996, 2017-05-16 00:03:37.115, 2017-05-16 00:03:40.655, 2017-05-16 00:03:45.162, 2017-05-16 00:04:10.190, 2017-05-16 00:04:11.255, 2017-05-16 00:04:11.320, 2017-05-16 00:04:15.177, 2017-05-16 00:04:18.012, 2017-05-16 00:04:18.462, 2017-05-16 00:04:18.582, 2017-05-16 00:04:20.141, 2017-05-16 00:04:25.389, 2017-05-16 00:04:50.198, 2017-05-16 00:04:52.697, 2017-05-16 00:04:52.767, 2017-05-16 00:04:55.435, 2017-05-16 00:05:00.004, 2017-05-16 00:05:00.120, 2017-05-16 00:05:00.144, 2017-05-16 00:05:05.133, 2017-05-16 00:05:17.558, 2017-05-16 00:05:34.911, 2017-05-16 00:05:34.979, 2017-05-16 00:05:35.188, 2017-05-16 00:05:40.144, 2017-05-16 00:05:41.229, 2017-05-16 00:05:41.352, 2017-05-16 00:05:45.383, 2017-05-16 00:06:15.172, 2017-05-16 00:06:15.870, 2017-05-16 00:06:15.931, 2017-05-16 00:06:18.159, 2017-05-16 00:06:20.134, 2017-05-16 00:06:22.558, 2017-05-16 00:06:22.690, 2017-05-16 00:06:25.372, 2017-05-16 00:06:30.140, 2017-05-16 00:06:55.195, 2017-05-16 00:06:56.714, 2017-05-16 00:06:56.781, 2017-05-16 00:07:00.468, 2017-05-16 00:07:03.936, 2017-05-16 00:07:04.066, 2017-05-16 00:07:05.153, 2017-05-16 00:07:10.380, 2017-05-16 00:07:17.567, 2017-05-16 00:07:39.377, 2017-05-16 00:07:39.443, 2017-05-16 00:07:40.137, 2017-05-16 00:07:45.243, 2017-05-16 00:07:45.371, 2017-05-16 00:07:45.415, 2017-05-16 00:07:50.141, 2017-05-16 00:08:18.616, 2017-05-16 00:08:20.180, 2017-05-16 00:08:20.238, 2017-05-16 00:08:20.330, 2017-05-16 00:08:25.426, 2017-05-16 00:08:26.594, 2017-05-16 00:08:26.714, 2017-05-16 00:08:30.367, 2017-05-16 00:08:35.145, 2017-05-16 00:09:00.178, 2017-05-16 00:09:01.018, 2017-05-16 00:09:01.081, 2017-05-16 00:09:05.140, 2017-05-16 00:09:08.044, 2017-05-16 00:09:08.163, 2017-05-16 00:09:10.135, 2017-05-16 00:09:15.370, 2017-05-16 00:09:19.850, 2017-05-16 00:09:40.189, 2017-05-16 00:09:43.328, 2017-05-16 00:09:43.389, 2017-05-16 00:09:45.140, 2017-05-16 00:09:49.420, 2017-05-16 00:09:49.541, 2017-05-16 00:09:50.369, 2017-05-16 00:09:55.140, 2017-05-16 00:10:21.731, 2017-05-16 00:10:24.241, 2017-05-16 00:10:24.304, 2017-05-16 00:10:25.181, 2017-05-16 00:10:30.420, 2017-05-16 00:10:30.861, 2017-05-16 00:10:30.994, 2017-05-16 00:10:35.137, 2017-05-16 00:11:04.923, 2017-05-16 00:11:04.991, 2017-05-16 00:11:05.170, 2017-05-16 00:11:10.144, 2017-05-16 00:11:12.162, 2017-05-16 00:11:12.402, 2017-05-16 00:11:15.392, 2017-05-16 00:11:20.629, 2017-05-16 00:11:23.489, 2017-05-16 00:11:45.170, 2017-05-16 00:11:46.681, 2017-05-16 00:11:46.754, 2017-05-16 00:11:50.413, 2017-05-16 00:11:53.469, 2017-05-16 00:11:53.592, 2017-05-16 00:11:55.140, 2017-05-16 00:12:00.381, 2017-05-16 00:12:25.695, 2017-05-16 00:12:25.745, 2017-05-16 00:12:28.718, 2017-05-16 00:12:28.783, 2017-05-16 00:12:30.980, 2017-05-16 00:12:34.930, 2017-05-16 00:12:35.072, 2017-05-16 00:12:35.134, 2017-05-16 00:12:40.144, 2017-05-16 00:13:09.118, 2017-05-16 00:13:09.185, 2017-05-16 00:13:10.137, 2017-05-16 00:13:15.386, 2017-05-16 00:13:16.304, 2017-05-16 00:13:16.425, 2017-05-16 00:13:20.613, 2017-05-16 00:13:25.591, 2017-05-16 00:13:50.258, 2017-05-16 00:13:50.667, 2017-05-16 00:13:50.738, 2017-05-16 00:13:55.140, 2017-05-16 00:13:57.747, 2017-05-16 00:13:57.865, 2017-05-16 00:14:00.166, 2017-05-16 00:14:05.394, 2017-05-16 00:14:25.518, 2017-05-16 00:14:30.676, 2017-05-16 00:14:33.197, 2017-05-16 00:14:33.266, 2017-05-16 00:14:35.138, 2017-05-16 00:14:39.059, 2017-05-16 00:14:39.179, 2017-05-16 00:14:40.141, 2017-05-16 00:14:45.369, 2017-05-16 00:00:13.658, 2017-05-16 00:00:14.265, 2017-05-16 00:01:13.179, 2017-05-16 00:01:13.569, 2017-05-16 00:02:14.170, 2017-05-16 00:02:14.720, 2017-05-16 00:03:16.161, 2017-05-16 00:03:16.610, 2017-05-16 00:04:17.372, 2017-05-16 00:04:17.948, 2017-05-16 00:05:17.156, 2017-05-16 00:05:17.499, 2017-05-16 00:06:17.556, 2017-05-16 00:06:18.101, 2017-05-16 00:07:17.165, 2017-05-16 00:07:17.507, 2017-05-16 00:08:18.146, 2017-05-16 00:08:18.553, 2017-05-16 00:09:19.471, 2017-05-16 00:09:19.788, 2017-05-16 00:10:21.237, 2017-05-16 00:10:21.670, 2017-05-16 00:11:23.127, 2017-05-16 00:11:23.428, 2017-05-16 00:12:25.165, 2017-05-16 00:12:25.615, 2017-05-16 00:13:25.175, 2017-05-16 00:13:25.532, 2017-05-16 00:14:25.130, 2017-05-16 00:14:25.456, 2017-05-16 00:00:20.349, 2017-05-16 00:00:57.129, 2017-05-16 00:01:01.700, 2017-05-16 00:01:50.152, 2017-05-16 00:02:30.118, 2017-05-16 00:02:58.484, 2017-05-16 00:03:10.320, 2017-05-16 00:03:50.302, 2017-05-16 00:04:35.145, 2017-05-16 00:05:10.339, 2017-05-16 00:05:55.147, 2017-05-16 00:06:35.370, 2017-05-16 00:07:15.584, 2017-05-16 00:07:55.338, 2017-05-16 00:08:40.278, 2017-05-16 00:09:25.182, 2017-05-16 00:10:00.350, 2017-05-16 00:10:40.352, 2017-05-16 00:11:30.181, 2017-05-16 00:12:10.119, 2017-05-16 00:12:45.354, 2017-05-16 00:13:30.652, 2017-05-16 00:14:15.169"
req_id - - - - - base /var/lib/nova/instances/_base/,5,1,nova.virt,nova.virt.libvirt.imagecache,"INFO, WARNING","2017-05-16 00:00:05.367, 2017-05-16 00:00:10.600, 2017-05-16 00:00:15.318, 2017-05-16 00:00:20.345, 2017-05-16 00:00:20.346, 2017-05-16 00:00:45.444, 2017-05-16 00:00:50.321, 2017-05-16 00:00:55.557, 2017-05-16 00:01:01.698, 2017-05-16 00:01:01.699, 2017-05-16 00:01:25.331, 2017-05-16 00:01:30.319, 2017-05-16 00:01:35.325, 2017-05-16 00:01:40.597, 2017-05-16 00:01:45.116, 2017-05-16 00:01:45.117, 2017-05-16 00:01:50.149, 2017-05-16 00:01:50.150, 2017-05-16 00:02:05.358, 2017-05-16 00:02:10.601, 2017-05-16 00:02:15.307, 2017-05-16 00:02:20.549, 2017-05-16 00:02:25.118, 2017-05-16 00:02:25.119, 2017-05-16 00:02:30.114, 2017-05-16 00:02:30.115, 2017-05-16 00:02:50.381, 2017-05-16 00:02:55.733, 2017-05-16 00:03:00.303, 2017-05-16 00:03:05.287, 2017-05-16 00:03:10.318, 2017-05-16 00:03:10.319, 2017-05-16 00:03:30.357, 2017-05-16 00:03:35.602, 2017-05-16 00:03:40.829, 2017-05-16 00:03:45.270, 2017-05-16 00:03:50.300, 2017-05-16 00:03:50.301, 2017-05-16 00:04:10.371, 2017-05-16 00:04:15.363, 2017-05-16 00:04:20.332, 2017-05-16 00:04:25.577, 2017-05-16 00:04:30.114, 2017-05-16 00:04:30.115, 2017-05-16 00:04:35.143, 2017-05-16 00:04:35.144, 2017-05-16 00:04:50.385, 2017-05-16 00:04:55.615, 2017-05-16 00:05:00.323, 2017-05-16 00:05:05.309, 2017-05-16 00:05:10.337, 2017-05-16 00:05:10.338, 2017-05-16 00:05:35.374, 2017-05-16 00:05:40.330, 2017-05-16 00:05:45.547, 2017-05-16 00:05:50.114, 2017-05-16 00:05:50.115, 2017-05-16 00:05:55.145, 2017-05-16 00:05:55.146, 2017-05-16 00:06:15.356, 2017-05-16 00:06:20.320, 2017-05-16 00:06:25.549, 2017-05-16 00:06:30.334, 2017-05-16 00:06:35.367, 2017-05-16 00:06:35.368, 2017-05-16 00:06:55.380, 2017-05-16 00:07:00.640, 2017-05-16 00:07:05.324, 2017-05-16 00:07:10.556, 2017-05-16 00:07:15.581, 2017-05-16 00:07:15.582, 2017-05-16 00:07:40.314, 2017-05-16 00:07:45.547, 2017-05-16 00:07:50.311, 2017-05-16 00:07:55.337, 2017-05-16 00:08:20.372, 2017-05-16 00:08:25.599, 2017-05-16 00:08:30.547, 2017-05-16 00:08:35.247, 2017-05-16 00:08:40.276, 2017-05-16 00:08:40.277, 2017-05-16 00:09:00.355, 2017-05-16 00:09:05.321, 2017-05-16 00:09:10.315, 2017-05-16 00:09:15.546, 2017-05-16 00:09:20.112, 2017-05-16 00:09:20.113, 2017-05-16 00:09:25.180, 2017-05-16 00:09:25.181, 2017-05-16 00:09:40.367, 2017-05-16 00:09:45.319, 2017-05-16 00:09:50.539, 2017-05-16 00:09:55.323, 2017-05-16 00:10:00.349, 2017-05-16 00:10:25.366, 2017-05-16 00:10:30.615, 2017-05-16 00:10:35.319, 2017-05-16 00:10:40.350, 2017-05-16 00:10:40.351, 2017-05-16 00:11:05.360, 2017-05-16 00:11:10.339, 2017-05-16 00:11:15.571, 2017-05-16 00:11:20.732, 2017-05-16 00:11:25.147, 2017-05-16 00:11:25.148, 2017-05-16 00:11:30.178, 2017-05-16 00:11:30.179, 2017-05-16 00:11:45.359, 2017-05-16 00:11:50.595, 2017-05-16 00:11:55.326, 2017-05-16 00:12:00.581, 2017-05-16 00:12:05.112, 2017-05-16 00:12:10.117, 2017-05-16 00:12:10.118, 2017-05-16 00:12:25.927, 2017-05-16 00:12:31.174, 2017-05-16 00:12:35.306, 2017-05-16 00:12:40.325, 2017-05-16 00:12:45.352, 2017-05-16 00:12:45.353, 2017-05-16 00:13:10.327, 2017-05-16 00:13:15.561, 2017-05-16 00:13:20.778, 2017-05-16 00:13:25.620, 2017-05-16 00:13:25.621, 2017-05-16 00:13:30.649, 2017-05-16 00:13:30.650, 2017-05-16 00:13:50.443, 2017-05-16 00:13:55.325, 2017-05-16 00:14:00.340, 2017-05-16 00:14:05.577, 2017-05-16 00:14:10.137, 2017-05-16 00:14:10.138, 2017-05-16 00:14:15.167, 2017-05-16 00:14:15.168, 2017-05-16 00:14:30.866, 2017-05-16 00:14:35.319, 2017-05-16 00:14:40.322, 2017-05-16 00:14:45.546"
req_id - - - - - base or swap file too young to remove: /var/lib/nova/instances/_base/,22,1,nova.virt,nova.virt.libvirt.imagecache,INFO,"2017-05-16 00:01:45.119, 2017-05-16 00:02:25.120, 2017-05-16 00:04:30.117, 2017-05-16 00:05:50.116, 2017-05-16 00:09:20.114, 2017-05-16 00:11:25.148, 2017-05-16 00:12:05.113, 2017-05-16 00:13:25.622, 2017-05-16 00:14:10.139"
req_id - - - - - final resource view: name=cp-1.slowvm1.tcloud-pg0.utah.cloudlab.us phys_ram=64172mb phys_disk=15gb total_vcpus=16 pci_stats=,11,1,nova.compute,nova.compute.resource_tracker,INFO,"2017-05-16 00:00:14.266, 2017-05-16 00:01:13.570, 2017-05-16 00:02:14.720, 2017-05-16 00:03:16.611, 2017-05-16 00:04:17.949, 2017-05-16 00:05:17.499, 2017-05-16 00:06:18.102, 2017-05-16 00:07:17.508, 2017-05-16 00:08:18.554, 2017-05-16 00:09:19.789, 2017-05-16 00:10:21.671, 2017-05-16 00:11:23.429, 2017-05-16 00:12:25.616, 2017-05-16 00:13:25.533, 2017-05-16 00:14:25.457"
req_id - - - - - image at /var/lib/nova/instances/_base/: in use: on this node 1 local 0 on other nodes sharing this instance storage,4,1,nova.virt,nova.virt.libvirt.imagecache,INFO,"2017-05-16 00:00:05.186, 2017-05-16 00:00:10.424, 2017-05-16 00:00:15.142, 2017-05-16 00:00:45.250, 2017-05-16 00:00:50.143, 2017-05-16 00:00:55.378, 2017-05-16 00:01:25.142, 2017-05-16 00:01:30.142, 2017-05-16 00:01:35.148, 2017-05-16 00:01:40.383, 2017-05-16 00:02:05.160, 2017-05-16 00:02:10.414, 2017-05-16 00:02:15.139, 2017-05-16 00:02:20.367, 2017-05-16 00:02:50.203, 2017-05-16 00:02:55.542, 2017-05-16 00:03:00.139, 2017-05-16 00:03:05.182, 2017-05-16 00:03:30.162, 2017-05-16 00:03:35.417, 2017-05-16 00:03:40.656, 2017-05-16 00:03:45.163, 2017-05-16 00:04:10.190, 2017-05-16 00:04:15.178, 2017-05-16 00:04:20.142, 2017-05-16 00:04:25.389, 2017-05-16 00:04:50.200, 2017-05-16 00:04:55.436, 2017-05-16 00:05:00.146, 2017-05-16 00:05:05.134, 2017-05-16 00:05:35.189, 2017-05-16 00:05:40.145, 2017-05-16 00:05:45.384, 2017-05-16 00:06:15.173, 2017-05-16 00:06:20.135, 2017-05-16 00:06:25.373, 2017-05-16 00:06:30.141, 2017-05-16 00:06:55.196, 2017-05-16 00:07:00.469, 2017-05-16 00:07:05.154, 2017-05-16 00:07:10.381, 2017-05-16 00:07:40.138, 2017-05-16 00:07:45.372, 2017-05-16 00:07:50.142, 2017-05-16 00:08:20.182, 2017-05-16 00:08:25.427, 2017-05-16 00:08:30.369, 2017-05-16 00:08:35.146, 2017-05-16 00:09:00.179, 2017-05-16 00:09:05.140, 2017-05-16 00:09:10.137, 2017-05-16 00:09:15.371, 2017-05-16 00:09:40.190, 2017-05-16 00:09:45.141, 2017-05-16 00:09:50.370, 2017-05-16 00:09:55.141, 2017-05-16 00:10:25.182, 2017-05-16 00:10:30.421, 2017-05-16 00:10:35.138, 2017-05-16 00:11:05.172, 2017-05-16 00:11:10.145, 2017-05-16 00:11:15.393, 2017-05-16 00:11:20.630, 2017-05-16 00:11:45.171, 2017-05-16 00:11:50.414, 2017-05-16 00:11:55.141, 2017-05-16 00:12:00.382, 2017-05-16 00:12:25.745, 2017-05-16 00:12:30.981, 2017-05-16 00:12:35.135, 2017-05-16 00:12:40.145, 2017-05-16 00:13:10.138, 2017-05-16 00:13:15.387, 2017-05-16 00:13:20.614, 2017-05-16 00:13:50.259, 2017-05-16 00:13:55.141, 2017-05-16 00:14:00.167, 2017-05-16 00:14:05.395, 2017-05-16 00:14:30.678, 2017-05-16 00:14:35.139, 2017-05-16 00:14:40.142, 2017-05-16 00:14:45.370"
req_id - - - - - instance_id during sync_power_state the instance has a pending task spawning. skip.,3,1,nova.compute,nova.compute.manager,INFO,"2017-05-16 00:00:04.693, 2017-05-16 00:00:10.416, 2017-05-16 00:00:44.697, 2017-05-16 00:00:51.770, 2017-05-16 00:01:26.643, 2017-05-16 00:01:33.103, 2017-05-16 00:02:07.518, 2017-05-16 00:02:14.476, 2017-05-16 00:02:49.290, 2017-05-16 00:02:55.757, 2017-05-16 00:03:31.202, 2017-05-16 00:03:37.113, 2017-05-16 00:04:11.456, 2017-05-16 00:04:18.581, 2017-05-16 00:04:52.893, 2017-05-16 00:05:00.119, 2017-05-16 00:05:35.105, 2017-05-16 00:05:41.351, 2017-05-16 00:06:16.048, 2017-05-16 00:06:22.689, 2017-05-16 00:06:56.905, 2017-05-16 00:07:04.064, 2017-05-16 00:07:39.561, 2017-05-16 00:08:20.455, 2017-05-16 00:08:26.713, 2017-05-16 00:09:01.203, 2017-05-16 00:09:08.161, 2017-05-16 00:09:43.627, 2017-05-16 00:09:49.540, 2017-05-16 00:10:24.423, 2017-05-16 00:10:30.993, 2017-05-16 00:11:05.111, 2017-05-16 00:11:46.882, 2017-05-16 00:11:53.591, 2017-05-16 00:12:28.906, 2017-05-16 00:12:35.071, 2017-05-16 00:13:09.307, 2017-05-16 00:13:16.424, 2017-05-16 00:13:50.867, 2017-05-16 00:13:57.863, 2017-05-16 00:14:33.392, 2017-05-16 00:14:39.178"
req_id - - - - - running instance usage audit for host cp-1.slowvm1.tcloud-pg0.utah.cloudlab.us from 2017-05-16 05:00:00 to 2017-05-16 06:00:00. 87 instances.,21,1,nova.compute,nova.compute.manager,INFO,2017-05-16 00:00:59.733
req_id - - - - - the instance sync for host cp-1.slowvm1.tcloud-pg0.utah.cloudlab.us did not match. re-created its instancelist.,23,1,nova.scheduler,nova.scheduler.host_manager,INFO,"2017-05-16 00:04:59.397, 2017-05-16 00:07:00.405, 2017-05-16 00:09:04.153, 2017-05-16 00:11:05.153, 2017-05-16 00:13:09.162"
req_id - - - - - while synchronizing instance power states found 1 instances in the database and 0 instances on the hypervisor.,24,1,nova.compute,nova.compute.manager,WARNING,2017-05-16 00:09:41.850
req_id - - - creating event for instance,6,1,nova.api,nova.api.openstack.compute.server_external_events,INFO,"2017-05-16 00:00:10.279, 2017-05-16 00:00:51.633, 2017-05-16 00:01:32.963, 2017-05-16 00:02:14.310, 2017-05-16 00:02:55.621, 2017-05-16 00:03:36.979, 2017-05-16 00:04:18.445, 2017-05-16 00:04:59.989, 2017-05-16 00:05:41.210, 2017-05-16 00:06:22.540, 2017-05-16 00:07:03.922, 2017-05-16 00:07:45.226, 2017-05-16 00:08:26.577, 2017-05-16 00:09:08.029, 2017-05-16 00:09:49.404, 2017-05-16 00:10:30.844, 2017-05-16 00:11:12.144, 2017-05-16 00:11:53.451, 2017-05-16 00:12:34.914, 2017-05-16 00:13:16.287, 2017-05-16 00:13:57.731, 2017-05-16 00:14:39.044"
req_id - - - http exception thrown: no instances found for any event,17,1,nova.api,nova.api.openstack.wsgi,INFO,"2017-05-16 00:00:21.067, 2017-05-16 00:01:03.114, 2017-05-16 00:01:43.495, 2017-05-16 00:02:25.212, 2017-05-16 00:03:07.021, 2017-05-16 00:03:47.601, 2017-05-16 00:04:29.480, 2017-05-16 00:05:11.328, 2017-05-16 00:05:51.742, 2017-05-16 00:06:33.575, 2017-05-16 00:07:15.235, 2017-05-16 00:07:57.076, 2017-05-16 00:08:37.454, 2017-05-16 00:09:19.366, 2017-05-16 00:10:01.301, 2017-05-16 00:10:41.452, 2017-05-16 00:11:23.292, 2017-05-16 00:12:05.112, 2017-05-16 00:12:45.461, 2017-05-16 00:13:27.251, 2017-05-16 00:14:09.186"
req_id - - - http/1.1 status: len: time:,1,1,"nova.osapi-compute, nova.metadata","nova.osapi_compute.wsgi.server, nova.metadata.wsgi.server",INFO,"2017-05-16 00:00:00.008, 2017-05-16 00:00:00.272, 2017-05-16 00:00:01.551, 2017-05-16 00:00:01.813, 2017-05-16 00:00:03.091, 2017-05-16 00:00:03.358, 2017-05-16 00:00:04.789, 2017-05-16 00:00:05.060, 2017-05-16 00:00:06.321, 2017-05-16 00:00:06.584, 2017-05-16 00:00:07.864, 2017-05-16 00:00:08.137, 2017-05-16 00:00:09.411, 2017-05-16 00:00:09.692, 2017-05-16 00:00:10.285, 2017-05-16 00:00:10.978, 2017-05-16 00:00:11.243, 2017-05-16 00:00:16.795, 2017-05-16 00:00:17.120, 2017-05-16 00:00:17.441, 2017-05-16 00:00:17.504, 2017-05-16 00:00:17.773, 2017-05-16 00:00:17.861, 2017-05-16 00:00:18.994, 2017-05-16 00:00:20.106, 2017-05-16 00:00:21.069, 2017-05-16 00:00:30.788, 2017-05-16 00:00:30.979, 2017-05-16 00:00:31.162, 2017-05-16 00:00:31.359, 2017-05-16 00:00:32.738, 2017-05-16 00:00:33.009, 2017-05-16 00:00:34.280, 2017-05-16 00:00:34.547, 2017-05-16 00:00:35.832, 2017-05-16 00:00:36.095, 2017-05-16 00:00:37.363, 2017-05-16 00:00:37.618, 2017-05-16 00:00:38.922, 2017-05-16 00:00:39.193, 2017-05-16 00:00:40.459, 2017-05-16 00:00:40.721, 2017-05-16 00:00:42.001, 2017-05-16 00:00:42.271, 2017-05-16 00:00:43.537, 2017-05-16 00:00:43.801, 2017-05-16 00:00:45.080, 2017-05-16 00:00:45.356, 2017-05-16 00:00:46.634, 2017-05-16 00:00:46.894, 2017-05-16 00:00:48.329, 2017-05-16 00:00:48.577, 2017-05-16 00:00:49.831, 2017-05-16 00:00:50.096, 2017-05-16 00:00:51.361, 2017-05-16 00:00:51.608, 2017-05-16 00:00:51.638, 2017-05-16 00:00:52.886, 2017-05-16 00:00:53.138, 2017-05-16 00:00:58.177, 2017-05-16 00:00:58.430, 2017-05-16 00:00:58.766, 2017-05-16 00:00:59.100, 2017-05-16 00:00:59.410, 2017-05-16 00:00:59.567, 2017-05-16 00:00:59.678, 2017-05-16 00:01:01.033, 2017-05-16 00:01:02.141, 2017-05-16 00:01:03.116, 2017-05-16 00:01:12.693, 2017-05-16 00:01:12.885, 2017-05-16 00:01:13.086, 2017-05-16 00:01:13.291, 2017-05-16 00:01:14.560, 2017-05-16 00:01:14.819, 2017-05-16 00:01:16.100, 2017-05-16 00:01:16.368, 2017-05-16 00:01:17.654, 2017-05-16 00:01:17.920, 2017-05-16 00:01:19.202, 2017-05-16 00:01:19.475, 2017-05-16 00:01:20.752, 2017-05-16 00:01:21.044, 2017-05-16 00:01:22.317, 2017-05-16 00:01:22.584, 2017-05-16 00:01:23.863, 2017-05-16 00:01:24.133, 2017-05-16 00:01:25.388, 2017-05-16 00:01:25.647, 2017-05-16 00:01:26.930, 2017-05-16 00:01:27.193, 2017-05-16 00:01:28.558, 2017-05-16 00:01:28.807, 2017-05-16 00:01:30.095, 2017-05-16 00:01:30.358, 2017-05-16 00:01:31.811, 2017-05-16 00:01:32.073, 2017-05-16 00:01:32.969, 2017-05-16 00:01:33.365, 2017-05-16 00:01:33.618, 2017-05-16 00:01:39.421, 2017-05-16 00:01:39.734, 2017-05-16 00:01:39.885, 2017-05-16 00:01:40.090, 2017-05-16 00:01:40.157, 2017-05-16 00:01:41.372, 2017-05-16 00:01:42.476, 2017-05-16 00:01:43.497, 2017-05-16 00:01:52.949, 2017-05-16 00:01:53.157, 2017-05-16 00:01:53.338, 2017-05-16 00:01:53.538, 2017-05-16 00:01:54.818, 2017-05-16 00:01:55.100, 2017-05-16 00:01:56.385, 2017-05-16 00:01:56.636, 2017-05-16 00:01:57.910, 2017-05-16 00:01:58.172, 2017-05-16 00:01:59.428, 2017-05-16 00:01:59.664, 2017-05-16 00:02:00.935, 2017-05-16 00:02:01.197, 2017-05-16 00:02:02.464, 2017-05-16 00:02:02.726, 2017-05-16 00:02:03.997, 2017-05-16 00:02:04.277, 2017-05-16 00:02:05.653, 2017-05-16 00:02:05.920, 2017-05-16 00:02:07.196, 2017-05-16 00:02:07.471, 2017-05-16 00:02:08.740, 2017-05-16 00:02:09.012, 2017-05-16 00:02:10.284, 2017-05-16 00:02:10.715, 2017-05-16 00:02:11.992, 2017-05-16 00:02:12.275, 2017-05-16 00:02:13.540, 2017-05-16 00:02:13.815, 2017-05-16 00:02:14.315, 2017-05-16 00:02:15.095, 2017-05-16 00:02:15.358, 2017-05-16 00:02:20.779, 2017-05-16 00:02:21.082, 2017-05-16 00:02:21.327, 2017-05-16 00:02:21.625, 2017-05-16 00:02:21.763, 2017-05-16 00:02:21.913, 2017-05-16 00:02:23.131, 2017-05-16 00:02:24.244, 2017-05-16 00:02:25.214, 2017-05-16 00:02:34.773, 2017-05-16 00:02:34.974, 2017-05-16 00:02:35.170, 2017-05-16 00:02:35.348, 2017-05-16 00:02:36.629, 2017-05-16 00:02:36.925, 2017-05-16 00:02:38.214, 2017-05-16 00:02:38.477, 2017-05-16 00:02:39.736, 2017-05-16 00:02:40.006, 2017-05-16 00:02:41.268, 2017-05-16 00:02:41.518, 2017-05-16 00:02:42.794, 2017-05-16 00:02:43.184, 2017-05-16 00:02:44.461, 2017-05-16 00:02:44.710, 2017-05-16 00:02:45.986, 2017-05-16 00:02:46.262, 2017-05-16 00:02:47.528, 2017-05-16 00:02:47.792, 2017-05-16 00:02:49.074, 2017-05-16 00:02:49.351, 2017-05-16 00:02:50.764, 2017-05-16 00:02:51.020, 2017-05-16 00:02:52.299, 2017-05-16 00:02:52.572, 2017-05-16 00:02:53.856, 2017-05-16 00:02:54.125, 2017-05-16 00:02:55.399, 2017-05-16 00:02:55.626, 2017-05-16 00:02:55.673, 2017-05-16 00:02:56.955, 2017-05-16 00:02:57.225, 2017-05-16 00:03:01.916, 2017-05-16 00:03:02.250, 2017-05-16 00:03:02.503, 2017-05-16 00:03:03.094, 2017-05-16 00:03:03.343, 2017-05-16 00:03:03.497, 2017-05-16 00:03:03.582, 2017-05-16 00:03:03.767, 2017-05-16 00:03:04.968, 2017-05-16 00:03:06.075, 2017-05-16 00:03:07.022, 2017-05-16 00:03:16.800, 2017-05-16 00:03:17.097, 2017-05-16 00:03:17.286, 2017-05-16 00:03:17.473, 2017-05-16 00:03:18.775, 2017-05-16 00:03:19.075, 2017-05-16 00:03:20.359, 2017-05-16 00:03:20.627, 2017-05-16 00:03:21.908, 2017-05-16 00:03:22.173, 2017-05-16 00:03:23.451, 2017-05-16 00:03:23.710, 2017-05-16 00:03:25.003, 2017-05-16 00:03:25.263, 2017-05-16 00:03:26.537, 2017-05-16 00:03:26.806, 2017-05-16 00:03:28.089, 2017-05-16 00:03:28.355, 2017-05-16 00:03:29.621, 2017-05-16 00:03:29.879, 2017-05-16 00:03:31.161, 2017-05-16 00:03:31.429, 2017-05-16 00:03:32.684, 2017-05-16 00:03:32.958, 2017-05-16 00:03:34.385, 2017-05-16 00:03:34.646, 2017-05-16 00:03:35.914, 2017-05-16 00:03:36.172, 2017-05-16 00:03:36.986, 2017-05-16 00:03:37.446, 2017-05-16 00:03:37.708, 2017-05-16 00:03:43.324, 2017-05-16 00:03:43.635, 2017-05-16 00:03:43.963, 2017-05-16 00:03:43.998, 2017-05-16 00:03:44.221, 2017-05-16 00:03:44.384, 2017-05-16 00:03:45.605, 2017-05-16 00:03:46.701, 2017-05-16 00:03:47.602, 2017-05-16 00:03:57.214, 2017-05-16 00:03:57.417, 2017-05-16 00:03:57.603, 2017-05-16 00:03:57.799, 2017-05-16 00:03:59.088, 2017-05-16 00:03:59.378, 2017-05-16 00:04:00.643, 2017-05-16 00:04:00.910, 2017-05-16 00:04:02.178, 2017-05-16 00:04:02.437, 2017-05-16 00:04:03.712, 2017-05-16 00:04:03.984, 2017-05-16 00:04:05.251, 2017-05-16 00:04:05.524, 2017-05-16 00:04:06.778, 2017-05-16 00:04:07.061, 2017-05-16 00:04:08.324, 2017-05-16 00:04:08.586, 2017-05-16 00:04:09.850, 2017-05-16 00:04:10.117, 2017-05-16 00:04:11.407, 2017-05-16 00:04:11.703, 2017-05-16 00:04:13.089, 2017-05-16 00:04:13.503, 2017-05-16 00:04:14.766, 2017-05-16 00:04:15.044, 2017-05-16 00:04:16.306, 2017-05-16 00:04:16.569, 2017-05-16 00:04:17.828, 2017-05-16 00:04:18.104, 2017-05-16 00:04:18.450, 2017-05-16 00:04:19.365, 2017-05-16 00:04:19.634, 2017-05-16 00:04:24.819, 2017-05-16 00:04:25.052, 2017-05-16 00:04:25.372, 2017-05-16 00:04:25.614, 2017-05-16 00:04:25.923, 2017-05-16 00:04:25.952, 2017-05-16 00:04:26.204, 2017-05-16 00:04:26.267, 2017-05-16 00:04:27.388, 2017-05-16 00:04:28.489, 2017-05-16 00:04:29.482, 2017-05-16 00:04:38.992, 2017-05-16 00:04:39.184, 2017-05-16 00:04:39.373, 2017-05-16 00:04:39.566, 2017-05-16 00:04:40.849, 2017-05-16 00:04:41.156, 2017-05-16 00:04:42.437, 2017-05-16 00:04:42.710, 2017-05-16 00:04:43.976, 2017-05-16 00:04:44.252, 2017-05-16 00:04:45.518, 2017-05-16 00:04:45.792, 2017-05-16 00:04:47.064, 2017-05-16 00:04:47.328, 2017-05-16 00:04:48.611, 2017-05-16 00:04:48.881, 2017-05-16 00:04:50.280, 2017-05-16 00:04:50.550, 2017-05-16 00:04:51.812, 2017-05-16 00:04:52.092, 2017-05-16 00:04:53.530, 2017-05-16 00:04:53.807, 2017-05-16 00:04:55.080, 2017-05-16 00:04:55.338, 2017-05-16 00:04:56.613, 2017-05-16 00:04:56.885, 2017-05-16 00:04:58.163, 2017-05-16 00:04:58.430, 2017-05-16 00:04:58.630, 2017-05-16 00:04:59.701, 2017-05-16 00:04:59.977, 2017-05-16 00:04:59.993, 2017-05-16 00:05:01.254, 2017-05-16 00:05:01.523, 2017-05-16 00:05:06.317, 2017-05-16 00:05:06.628, 2017-05-16 00:05:06.887, 2017-05-16 00:05:07.230, 2017-05-16 00:05:07.583, 2017-05-16 00:05:07.797, 2017-05-16 00:05:07.858, 2017-05-16 00:05:08.075, 2017-05-16 00:05:09.263, 2017-05-16 00:05:10.371, 2017-05-16 00:05:11.329, 2017-05-16 00:05:11.798, 2017-05-16 00:05:11.861, 2017-05-16 00:05:12.019, 2017-05-16 00:05:20.936, 2017-05-16 00:05:21.125, 2017-05-16 00:05:21.317, 2017-05-16 00:05:21.526, 2017-05-16 00:05:22.925, 2017-05-16 00:05:23.217, 2017-05-16 00:05:24.498, 2017-05-16 00:05:24.771, 2017-05-16 00:05:26.024, 2017-05-16 00:05:26.294, 2017-05-16 00:05:27.562, 2017-05-16 00:05:27.820, 2017-05-16 00:05:29.091, 2017-05-16 00:05:29.345, 2017-05-16 00:05:30.612, 2017-05-16 00:05:30.865, 2017-05-16 00:05:32.134, 2017-05-16 00:05:32.394, 2017-05-16 00:05:33.674, 2017-05-16 00:05:33.931, 2017-05-16 00:05:35.203, 2017-05-16 00:05:35.478, 2017-05-16 00:05:36.733, 2017-05-16 00:05:37.021, 2017-05-16 00:05:38.459, 2017-05-16 00:05:38.708, 2017-05-16 00:05:40.098, 2017-05-16 00:05:40.373, 2017-05-16 00:05:41.216, 2017-05-16 00:05:41.636, 2017-05-16 00:05:41.897, 2017-05-16 00:05:47.492, 2017-05-16 00:05:47.731, 2017-05-16 00:05:47.983, 2017-05-16 00:05:48.197, 2017-05-16 00:05:48.242, 2017-05-16 00:05:48.479, 2017-05-16 00:05:48.488, 2017-05-16 00:05:49.673, 2017-05-16 00:05:50.775, 2017-05-16 00:05:51.745, 2017-05-16 00:06:01.300, 2017-05-16 00:06:01.495, 2017-05-16 00:06:01.692, 2017-05-16 00:06:01.889, 2017-05-16 00:06:03.161, 2017-05-16 00:06:03.427, 2017-05-16 00:06:04.698, 2017-05-16 00:06:04.976, 2017-05-16 00:06:06.255, 2017-05-16 00:06:06.529, 2017-05-16 00:06:07.793, 2017-05-16 00:06:08.048, 2017-05-16 00:06:09.312, 2017-05-16 00:06:09.579, 2017-05-16 00:06:10.849, 2017-05-16 00:06:11.132, 2017-05-16 00:06:12.404, 2017-05-16 00:06:12.673, 2017-05-16 00:06:13.928, 2017-05-16 00:06:14.193, 2017-05-16 00:06:15.572, 2017-05-16 00:06:15.831, 2017-05-16 00:06:17.111, 2017-05-16 00:06:17.522, 2017-05-16 00:06:18.774, 2017-05-16 00:06:19.045, 2017-05-16 00:06:20.317, 2017-05-16 00:06:20.576, 2017-05-16 00:06:21.840, 2017-05-16 00:06:22.105, 2017-05-16 00:06:22.547, 2017-05-16 00:06:23.372, 2017-05-16 00:06:23.638, 2017-05-16 00:06:28.943, 2017-05-16 00:06:29.185, 2017-05-16 00:06:29.503, 2017-05-16 00:06:29.830, 2017-05-16 00:06:29.912, 2017-05-16 00:06:30.111, 2017-05-16 00:06:30.194, 2017-05-16 00:06:31.393, 2017-05-16 00:06:32.499, 2017-05-16 00:06:33.577, 2017-05-16 00:06:42.990, 2017-05-16 00:06:43.185, 2017-05-16 00:06:43.365, 2017-05-16 00:06:43.564, 2017-05-16 00:06:44.852, 2017-05-16 00:06:45.143, 2017-05-16 00:06:46.407, 2017-05-16 00:06:46.672, 2017-05-16 00:06:47.947, 2017-05-16 00:06:48.230, 2017-05-16 00:06:49.503, 2017-05-16 00:06:49.771, 2017-05-16 00:06:51.040, 2017-05-16 00:06:51.293, 2017-05-16 00:06:52.560, 2017-05-16 00:06:52.821, 2017-05-16 00:06:54.185, 2017-05-16 00:06:54.456, 2017-05-16 00:06:55.893, 2017-05-16 00:06:56.140, 2017-05-16 00:06:57.408, 2017-05-16 00:06:57.665, 2017-05-16 00:06:58.945, 2017-05-16 00:06:59.197, 2017-05-16 00:07:00.473, 2017-05-16 00:07:00.740, 2017-05-16 00:07:02.012, 2017-05-16 00:07:02.276, 2017-05-16 00:07:03.568, 2017-05-16 00:07:03.840, 2017-05-16 00:07:03.927, 2017-05-16 00:07:05.138, 2017-05-16 00:07:05.395, 2017-05-16 00:07:10.292, 2017-05-16 00:07:10.539, 2017-05-16 00:07:11.016, 2017-05-16 00:07:11.271, 2017-05-16 00:07:11.671, 2017-05-16 00:07:11.702, 2017-05-16 00:07:11.953, 2017-05-16 00:07:11.968, 2017-05-16 00:07:13.157, 2017-05-16 00:07:14.263, 2017-05-16 00:07:15.237, 2017-05-16 00:07:24.789, 2017-05-16 00:07:24.994, 2017-05-16 00:07:25.186, 2017-05-16 00:07:25.394, 2017-05-16 00:07:26.669, 2017-05-16 00:07:26.956, 2017-05-16 00:07:28.214, 2017-05-16 00:07:28.493, 2017-05-16 00:07:29.768, 2017-05-16 00:07:30.040, 2017-05-16 00:07:31.313, 2017-05-16 00:07:31.557, 2017-05-16 00:07:32.929, 2017-05-16 00:07:33.184, 2017-05-16 00:07:34.457, 2017-05-16 00:07:34.727, 2017-05-16 00:07:35.996, 2017-05-16 00:07:36.262, 2017-05-16 00:07:37.513, 2017-05-16 00:07:37.774, 2017-05-16 00:07:39.068, 2017-05-16 00:07:39.323, 2017-05-16 00:07:40.762, 2017-05-16 00:07:41.041, 2017-05-16 00:07:42.324, 2017-05-16 00:07:42.587, 2017-05-16 00:07:43.853, 2017-05-16 00:07:44.113, 2017-05-16 00:07:45.232, 2017-05-16 00:07:45.391, 2017-05-16 00:07:45.664, 2017-05-16 00:07:46.949, 2017-05-16 00:07:47.217, 2017-05-16 00:07:51.603, 2017-05-16 00:07:51.926, 2017-05-16 00:07:52.240, 2017-05-16 00:07:52.482, 2017-05-16 00:07:52.912, 2017-05-16 00:07:53.161, 2017-05-16 00:07:53.407, 2017-05-16 00:07:53.512, 2017-05-16 00:07:53.818, 2017-05-16 00:07:53.887, 2017-05-16 00:07:55.034, 2017-05-16 00:07:56.135, 2017-05-16 00:07:57.077, 2017-05-16 00:08:06.646, 2017-05-16 00:08:06.848, 2017-05-16 00:08:07.046, 2017-05-16 00:08:07.228, 2017-05-16 00:08:08.510, 2017-05-16 00:08:08.800, 2017-05-16 00:08:10.205, 2017-05-16 00:08:10.469, 2017-05-16 00:08:11.740, 2017-05-16 00:08:12.006, 2017-05-16 00:08:13.268, 2017-05-16 00:08:13.533, 2017-05-16 00:08:14.818, 2017-05-16 00:08:15.086, 2017-05-16 00:08:16.334, 2017-05-16 00:08:16.602, 2017-05-16 00:08:17.860, 2017-05-16 00:08:18.116, 2017-05-16 00:08:19.392, 2017-05-16 00:08:19.658, 2017-05-16 00:08:20.938, 2017-05-16 00:08:21.207, 2017-05-16 00:08:22.485, 2017-05-16 00:08:22.754, 2017-05-16 00:08:24.184, 2017-05-16 00:08:24.448, 2017-05-16 00:08:25.730, 2017-05-16 00:08:25.989, 2017-05-16 00:08:26.583, 2017-05-16 00:08:27.260, 2017-05-16 00:08:27.521, 2017-05-16 00:08:33.033, 2017-05-16 00:08:33.381, 2017-05-16 00:08:33.629, 2017-05-16 00:08:33.802, 2017-05-16 00:08:33.944, 2017-05-16 00:08:34.080, 2017-05-16 00:08:35.282, 2017-05-16 00:08:36.381, 2017-05-16 00:08:37.455, 2017-05-16 00:08:47.085, 2017-05-16 00:08:47.274, 2017-05-16 00:08:47.574, 2017-05-16 00:08:47.766, 2017-05-16 00:08:49.041, 2017-05-16 00:08:49.319, 2017-05-16 00:08:50.578, 2017-05-16 00:08:50.840, 2017-05-16 00:08:52.115, 2017-05-16 00:08:52.383, 2017-05-16 00:08:53.665, 2017-05-16 00:08:53.929, 2017-05-16 00:08:55.213, 2017-05-16 00:08:55.484, 2017-05-16 00:08:56.757, 2017-05-16 00:08:57.037, 2017-05-16 00:08:58.306, 2017-05-16 00:08:58.570, 2017-05-16 00:08:59.836, 2017-05-16 00:09:00.109, 2017-05-16 00:09:01.373, 2017-05-16 00:09:01.635, 2017-05-16 00:09:02.993, 2017-05-16 00:09:03.421, 2017-05-16 00:09:04.691, 2017-05-16 00:09:04.964, 2017-05-16 00:09:06.227, 2017-05-16 00:09:06.497, 2017-05-16 00:09:07.779, 2017-05-16 00:09:08.034, 2017-05-16 00:09:08.052, 2017-05-16 00:09:09.312, 2017-05-16 00:09:09.572, 2017-05-16 00:09:14.377, 2017-05-16 00:09:14.605, 2017-05-16 00:09:14.919, 2017-05-16 00:09:15.272, 2017-05-16 00:09:15.537, 2017-05-16 00:09:15.842, 2017-05-16 00:09:15.918, 2017-05-16 00:09:16.114, 2017-05-16 00:09:17.324, 2017-05-16 00:09:18.432, 2017-05-16 00:09:19.368, 2017-05-16 00:09:28.951, 2017-05-16 00:09:29.164, 2017-05-16 00:09:29.369, 2017-05-16 00:09:29.569, 2017-05-16 00:09:30.843, 2017-05-16 00:09:31.130, 2017-05-16 00:09:32.392, 2017-05-16 00:09:32.661, 2017-05-16 00:09:33.924, 2017-05-16 00:09:34.246, 2017-05-16 00:09:35.504, 2017-05-16 00:09:35.765, 2017-05-16 00:09:37.033, 2017-05-16 00:09:37.289, 2017-05-16 00:09:38.551, 2017-05-16 00:09:38.820, 2017-05-16 00:09:40.100, 2017-05-16 00:09:40.370, 2017-05-16 00:09:41.638, 2017-05-16 00:09:41.903, 2017-05-16 00:09:43.355, 2017-05-16 00:09:43.627, 2017-05-16 00:09:44.892, 2017-05-16 00:09:45.160, 2017-05-16 00:09:46.427, 2017-05-16 00:09:46.694, 2017-05-16 00:09:47.962, 2017-05-16 00:09:48.335, 2017-05-16 00:09:49.409, 2017-05-16 00:09:49.626, 2017-05-16 00:09:49.884, 2017-05-16 00:09:51.165, 2017-05-16 00:09:51.429, 2017-05-16 00:09:55.813, 2017-05-16 00:09:56.049, 2017-05-16 00:09:56.281, 2017-05-16 00:09:56.587, 2017-05-16 00:09:56.917, 2017-05-16 00:09:57.339, 2017-05-16 00:09:57.602, 2017-05-16 00:09:57.701, 2017-05-16 00:09:57.846, 2017-05-16 00:09:57.970, 2017-05-16 00:09:59.202, 2017-05-16 00:10:00.303, 2017-05-16 00:10:01.303, 2017-05-16 00:10:10.771, 2017-05-16 00:10:10.965, 2017-05-16 00:10:11.169, 2017-05-16 00:10:11.360, 2017-05-16 00:10:12.623, 2017-05-16 00:10:12.922, 2017-05-16 00:10:14.188, 2017-05-16 00:10:14.448, 2017-05-16 00:10:15.706, 2017-05-16 00:10:15.976, 2017-05-16 00:10:17.242, 2017-05-16 00:10:17.503, 2017-05-16 00:10:18.778, 2017-05-16 00:10:19.051, 2017-05-16 00:10:20.321, 2017-05-16 00:10:20.581, 2017-05-16 00:10:21.858, 2017-05-16 00:10:22.134, 2017-05-16 00:10:23.420, 2017-05-16 00:10:23.677, 2017-05-16 00:10:24.956, 2017-05-16 00:10:25.225, 2017-05-16 00:10:26.486, 2017-05-16 00:10:26.856, 2017-05-16 00:10:28.293, 2017-05-16 00:10:28.546, 2017-05-16 00:10:29.818, 2017-05-16 00:10:30.088, 2017-05-16 00:10:30.848, 2017-05-16 00:10:31.358, 2017-05-16 00:10:31.639, 2017-05-16 00:10:37.220, 2017-05-16 00:10:37.568, 2017-05-16 00:10:37.792, 2017-05-16 00:10:37.898, 2017-05-16 00:10:38.056, 2017-05-16 00:10:38.172, 2017-05-16 00:10:39.366, 2017-05-16 00:10:40.464, 2017-05-16 00:10:41.453, 2017-05-16 00:10:50.935, 2017-05-16 00:10:51.134, 2017-05-16 00:10:51.321, 2017-05-16 00:10:51.513, 2017-05-16 00:10:52.772, 2017-05-16 00:10:53.049, 2017-05-16 00:10:54.325, 2017-05-16 00:10:54.599, 2017-05-16 00:10:55.873, 2017-05-16 00:10:56.138, 2017-05-16 00:10:57.415, 2017-05-16 00:10:57.678, 2017-05-16 00:10:58.957, 2017-05-16 00:10:59.230, 2017-05-16 00:11:00.487, 2017-05-16 00:11:00.745, 2017-05-16 00:11:02.020, 2017-05-16 00:11:02.282, 2017-05-16 00:11:03.553, 2017-05-16 00:11:03.934, 2017-05-16 00:11:05.215, 2017-05-16 00:11:05.482, 2017-05-16 00:11:06.731, 2017-05-16 00:11:07.166, 2017-05-16 00:11:08.430, 2017-05-16 00:11:08.685, 2017-05-16 00:11:09.957, 2017-05-16 00:11:10.238, 2017-05-16 00:11:11.506, 2017-05-16 00:11:11.760, 2017-05-16 00:11:12.149, 2017-05-16 00:11:13.042, 2017-05-16 00:11:13.303, 2017-05-16 00:11:18.602, 2017-05-16 00:11:18.937, 2017-05-16 00:11:19.171, 2017-05-16 00:11:19.526, 2017-05-16 00:11:19.616, 2017-05-16 00:11:19.786, 2017-05-16 00:11:19.878, 2017-05-16 00:11:21.179, 2017-05-16 00:11:22.280, 2017-05-16 00:11:23.294, 2017-05-16 00:11:32.777, 2017-05-16 00:11:32.985, 2017-05-16 00:11:33.180, 2017-05-16 00:11:33.376, 2017-05-16 00:11:34.649, 2017-05-16 00:11:34.927, 2017-05-16 00:11:36.199, 2017-05-16 00:11:36.470, 2017-05-16 00:11:37.744, 2017-05-16 00:11:38.016, 2017-05-16 00:11:39.283, 2017-05-16 00:11:39.550, 2017-05-16 00:11:40.828, 2017-05-16 00:11:41.093, 2017-05-16 00:11:42.371, 2017-05-16 00:11:42.608, 2017-05-16 00:11:43.981, 2017-05-16 00:11:44.261, 2017-05-16 00:11:45.532, 2017-05-16 00:11:45.806, 2017-05-16 00:11:47.269, 2017-05-16 00:11:47.543, 2017-05-16 00:11:48.812, 2017-05-16 00:11:49.076, 2017-05-16 00:11:50.362, 2017-05-16 00:11:50.635, 2017-05-16 00:11:51.914, 2017-05-16 00:11:52.192, 2017-05-16 00:11:53.456, 2017-05-16 00:11:53.466, 2017-05-16 00:11:53.761, 2017-05-16 00:11:55.039, 2017-05-16 00:11:55.290, 2017-05-16 00:11:59.816, 2017-05-16 00:12:00.222, 2017-05-16 00:12:00.548, 2017-05-16 00:12:00.900, 2017-05-16 00:12:01.212, 2017-05-16 00:12:01.442, 2017-05-16 00:12:01.550, 2017-05-16 00:12:01.797, 2017-05-16 00:12:01.866, 2017-05-16 00:12:03.079, 2017-05-16 00:12:04.178, 2017-05-16 00:12:05.114, 2017-05-16 00:12:14.727, 2017-05-16 00:12:14.925, 2017-05-16 00:12:15.125, 2017-05-16 00:12:15.330, 2017-05-16 00:12:16.614, 2017-05-16 00:12:16.893, 2017-05-16 00:12:18.167, 2017-05-16 00:12:18.430, 2017-05-16 00:12:19.810, 2017-05-16 00:12:20.084, 2017-05-16 00:12:21.356, 2017-05-16 00:12:21.621, 2017-05-16 00:12:22.898, 2017-05-16 00:12:23.177, 2017-05-16 00:12:24.452, 2017-05-16 00:12:24.724, 2017-05-16 00:12:25.994, 2017-05-16 00:12:26.252, 2017-05-16 00:12:27.529, 2017-05-16 00:12:27.779, 2017-05-16 00:12:29.054, 2017-05-16 00:12:29.322, 2017-05-16 00:12:30.595, 2017-05-16 00:12:30.858, 2017-05-16 00:12:32.302, 2017-05-16 00:12:32.569, 2017-05-16 00:12:33.847, 2017-05-16 00:12:34.133, 2017-05-16 00:12:34.921, 2017-05-16 00:12:35.416, 2017-05-16 00:12:35.663, 2017-05-16 00:12:41.227, 2017-05-16 00:12:41.470, 2017-05-16 00:12:41.797, 2017-05-16 00:12:41.923, 2017-05-16 00:12:42.150, 2017-05-16 00:12:42.292, 2017-05-16 00:12:43.493, 2017-05-16 00:12:44.602, 2017-05-16 00:12:45.463, 2017-05-16 00:12:55.123, 2017-05-16 00:12:55.324, 2017-05-16 00:12:55.495, 2017-05-16 00:12:55.686, 2017-05-16 00:12:56.962, 2017-05-16 00:12:57.247, 2017-05-16 00:12:58.515, 2017-05-16 00:12:58.774, 2017-05-16 00:13:00.051, 2017-05-16 00:13:00.318, 2017-05-16 00:13:01.571, 2017-05-16 00:13:01.834, 2017-05-16 00:13:03.104, 2017-05-16 00:13:03.349, 2017-05-16 00:13:04.621, 2017-05-16 00:13:04.905, 2017-05-16 00:13:06.168, 2017-05-16 00:13:06.424, 2017-05-16 00:13:07.682, 2017-05-16 00:13:07.958, 2017-05-16 00:13:09.210, 2017-05-16 00:13:09.578, 2017-05-16 00:13:10.853, 2017-05-16 00:13:11.294, 2017-05-16 00:13:12.574, 2017-05-16 00:13:12.834, 2017-05-16 00:13:14.110, 2017-05-16 00:13:14.372, 2017-05-16 00:13:15.642, 2017-05-16 00:13:15.917, 2017-05-16 00:13:16.292, 2017-05-16 00:13:17.185, 2017-05-16 00:13:17.448, 2017-05-16 00:13:22.680, 2017-05-16 00:13:22.930, 2017-05-16 00:13:23.250, 2017-05-16 00:13:23.605, 2017-05-16 00:13:23.708, 2017-05-16 00:13:23.852, 2017-05-16 00:13:23.987, 2017-05-16 00:13:25.190, 2017-05-16 00:13:26.290, 2017-05-16 00:13:27.253, 2017-05-16 00:13:36.797, 2017-05-16 00:13:37.004, 2017-05-16 00:13:37.193, 2017-05-16 00:13:37.397, 2017-05-16 00:13:38.664, 2017-05-16 00:13:38.946, 2017-05-16 00:13:40.230, 2017-05-16 00:13:40.505, 2017-05-16 00:13:41.782, 2017-05-16 00:13:42.048, 2017-05-16 00:13:43.316, 2017-05-16 00:13:43.578, 2017-05-16 00:13:44.852, 2017-05-16 00:13:45.134, 2017-05-16 00:13:46.412, 2017-05-16 00:13:46.676, 2017-05-16 00:13:47.944, 2017-05-16 00:13:48.312, 2017-05-16 00:13:49.563, 2017-05-16 00:13:49.818, 2017-05-16 00:13:51.276, 2017-05-16 00:13:51.521, 2017-05-16 00:13:52.802, 2017-05-16 00:13:53.091, 2017-05-16 00:13:54.347, 2017-05-16 00:13:54.602, 2017-05-16 00:13:55.874, 2017-05-16 00:13:56.142, 2017-05-16 00:13:57.401, 2017-05-16 00:13:57.673, 2017-05-16 00:13:57.736, 2017-05-16 00:13:58.954, 2017-05-16 00:13:59.219, 2017-05-16 00:14:04.129, 2017-05-16 00:14:04.450, 2017-05-16 00:14:04.689, 2017-05-16 00:14:04.938, 2017-05-16 00:14:05.322, 2017-05-16 00:14:05.517, 2017-05-16 00:14:05.678, 2017-05-16 00:14:05.785, 2017-05-16 00:14:07.095, 2017-05-16 00:14:08.197, 2017-05-16 00:14:09.187, 2017-05-16 00:14:18.689, 2017-05-16 00:14:18.874, 2017-05-16 00:14:19.065, 2017-05-16 00:14:19.258, 2017-05-16 00:14:20.538, 2017-05-16 00:14:20.825, 2017-05-16 00:14:22.100, 2017-05-16 00:14:22.361, 2017-05-16 00:14:23.633, 2017-05-16 00:14:23.879, 2017-05-16 00:14:25.166, 2017-05-16 00:14:25.433, 2017-05-16 00:14:26.811, 2017-05-16 00:14:27.105, 2017-05-16 00:14:28.388, 2017-05-16 00:14:28.646, 2017-05-16 00:14:29.942, 2017-05-16 00:14:30.211, 2017-05-16 00:14:31.484, 2017-05-16 00:14:31.748, 2017-05-16 00:14:33.015, 2017-05-16 00:14:33.277, 2017-05-16 00:14:34.557, 2017-05-16 00:14:34.816, 2017-05-16 00:14:36.247, 2017-05-16 00:14:36.508, 2017-05-16 00:14:37.777, 2017-05-16 00:14:38.046, 2017-05-16 00:14:39.049, 2017-05-16 00:14:39.320, 2017-05-16 00:14:39.584, 2017-05-16 00:14:40.851, 2017-05-16 00:14:41.129, 2017-05-16 00:14:45.452, 2017-05-16 00:14:45.772, 2017-05-16 00:14:45.997, 2017-05-16 00:14:46.305, 2017-05-16 00:14:46.550, 2017-05-16 00:14:46.859, 2017-05-16 00:14:47.199, 2017-05-16 00:14:47.410, 2017-05-16 00:14:47.652, 2017-05-16 00:14:47.687"
req_id - - - instance_id,"13, 14, 19",3,"nova.compute, nova.virt","nova.compute.manager, nova.compute.claims, nova.virt.libvirt.driver",INFO,"2017-05-16 00:00:17.541, 2017-05-16 00:00:31.127, 2017-05-16 00:00:31.699, 2017-05-16 00:00:59.446, 2017-05-16 00:01:13.033, 2017-05-16 00:01:13.623, 2017-05-16 00:01:39.924, 2017-05-16 00:01:53.293, 2017-05-16 00:01:53.893, 2017-05-16 00:02:21.664, 2017-05-16 00:02:35.109, 2017-05-16 00:02:35.942, 2017-05-16 00:03:03.534, 2017-05-16 00:03:17.260, 2017-05-16 00:03:17.931, 2017-05-16 00:03:44.031, 2017-05-16 00:03:57.551, 2017-05-16 00:03:58.129, 2017-05-16 00:04:25.958, 2017-05-16 00:04:39.339, 2017-05-16 00:04:39.920, 2017-05-16 00:05:07.836, 2017-05-16 00:05:21.281, 2017-05-16 00:05:21.867, 2017-05-16 00:05:48.237, 2017-05-16 00:06:01.647, 2017-05-16 00:06:02.243, 2017-05-16 00:06:29.949, 2017-05-16 00:06:43.333, 2017-05-16 00:06:43.915, 2017-05-16 00:07:11.710, 2017-05-16 00:07:25.239, 2017-05-16 00:07:25.935, 2017-05-16 00:07:53.554, 2017-05-16 00:08:06.999, 2017-05-16 00:08:07.620, 2017-05-16 00:08:33.843, 2017-05-16 00:08:47.408, 2017-05-16 00:08:47.999, 2017-05-16 00:09:15.880, 2017-05-16 00:09:29.313, 2017-05-16 00:09:29.898, 2017-05-16 00:09:57.739, 2017-05-16 00:10:11.111, 2017-05-16 00:10:11.713, 2017-05-16 00:10:37.936, 2017-05-16 00:10:51.280, 2017-05-16 00:10:51.923, 2017-05-16 00:11:19.656, 2017-05-16 00:11:33.126, 2017-05-16 00:11:33.745, 2017-05-16 00:12:01.590, 2017-05-16 00:12:15.080, 2017-05-16 00:12:15.751, 2017-05-16 00:12:41.962, 2017-05-16 00:12:55.452, 2017-05-16 00:12:56.021, 2017-05-16 00:13:23.746, 2017-05-16 00:13:37.154, 2017-05-16 00:13:37.725, 2017-05-16 00:14:05.562, 2017-05-16 00:14:19.032, 2017-05-16 00:14:19.600, 2017-05-16 00:14:47.447, 2017-05-16 00:00:18.450, 2017-05-16 00:00:18.451, 2017-05-16 00:01:00.419, 2017-05-16 00:01:00.421, 2017-05-16 00:01:40.859, 2017-05-16 00:01:40.861, 2017-05-16 00:02:22.569, 2017-05-16 00:02:22.571, 2017-05-16 00:03:04.425, 2017-05-16 00:03:04.427, 2017-05-16 00:03:44.908, 2017-05-16 00:03:44.910, 2017-05-16 00:04:26.853, 2017-05-16 00:04:26.855, 2017-05-16 00:05:08.735, 2017-05-16 00:05:08.737, 2017-05-16 00:05:49.129, 2017-05-16 00:05:49.131, 2017-05-16 00:06:30.863, 2017-05-16 00:06:30.865, 2017-05-16 00:07:12.634, 2017-05-16 00:07:12.637, 2017-05-16 00:07:54.463, 2017-05-16 00:07:54.466, 2017-05-16 00:08:34.741, 2017-05-16 00:08:34.742, 2017-05-16 00:09:16.762, 2017-05-16 00:09:16.764, 2017-05-16 00:09:58.622, 2017-05-16 00:09:58.623, 2017-05-16 00:10:38.835, 2017-05-16 00:10:38.836, 2017-05-16 00:11:20.569, 2017-05-16 00:11:20.571, 2017-05-16 00:12:02.514, 2017-05-16 00:12:02.516, 2017-05-16 00:12:42.843, 2017-05-16 00:12:42.844, 2017-05-16 00:13:24.634, 2017-05-16 00:13:24.636, 2017-05-16 00:14:06.453, 2017-05-16 00:14:06.455, 2017-05-16 00:00:31.093, 2017-05-16 00:00:31.094, 2017-05-16 00:00:31.095, 2017-05-16 00:01:12.999, 2017-05-16 00:01:13.000, 2017-05-16 00:01:13.001, 2017-05-16 00:01:13.002, 2017-05-16 00:01:53.257, 2017-05-16 00:01:53.258, 2017-05-16 00:01:53.259, 2017-05-16 00:01:53.260, 2017-05-16 00:01:53.261, 2017-05-16 00:02:35.072, 2017-05-16 00:02:35.073, 2017-05-16 00:02:35.074, 2017-05-16 00:02:35.075, 2017-05-16 00:02:35.076, 2017-05-16 00:03:17.221, 2017-05-16 00:03:17.222, 2017-05-16 00:03:17.223, 2017-05-16 00:03:17.224, 2017-05-16 00:03:17.225, 2017-05-16 00:03:57.510, 2017-05-16 00:03:57.511, 2017-05-16 00:03:57.512, 2017-05-16 00:03:57.513, 2017-05-16 00:03:57.514, 2017-05-16 00:04:39.301, 2017-05-16 00:04:39.302, 2017-05-16 00:04:39.303, 2017-05-16 00:04:39.304, 2017-05-16 00:05:21.241, 2017-05-16 00:05:21.242, 2017-05-16 00:05:21.243, 2017-05-16 00:06:01.609, 2017-05-16 00:06:01.610, 2017-05-16 00:06:01.611, 2017-05-16 00:06:01.612, 2017-05-16 00:06:43.298, 2017-05-16 00:06:43.299, 2017-05-16 00:06:43.300, 2017-05-16 00:07:25.203, 2017-05-16 00:07:25.204, 2017-05-16 00:07:25.205, 2017-05-16 00:07:25.206, 2017-05-16 00:07:25.207, 2017-05-16 00:07:25.208, 2017-05-16 00:08:06.960, 2017-05-16 00:08:06.961, 2017-05-16 00:08:06.962, 2017-05-16 00:08:06.963, 2017-05-16 00:08:47.372, 2017-05-16 00:08:47.373, 2017-05-16 00:08:47.374, 2017-05-16 00:08:47.375, 2017-05-16 00:08:47.376, 2017-05-16 00:08:47.377, 2017-05-16 00:09:29.272, 2017-05-16 00:09:29.273, 2017-05-16 00:09:29.274, 2017-05-16 00:09:29.275, 2017-05-16 00:09:29.276, 2017-05-16 00:10:11.074, 2017-05-16 00:10:11.075, 2017-05-16 00:10:11.076, 2017-05-16 00:10:11.077, 2017-05-16 00:10:51.246, 2017-05-16 00:10:51.247, 2017-05-16 00:10:51.248, 2017-05-16 00:10:51.249, 2017-05-16 00:10:51.250, 2017-05-16 00:11:33.091, 2017-05-16 00:11:33.092, 2017-05-16 00:11:33.093, 2017-05-16 00:12:15.047, 2017-05-16 00:12:15.048, 2017-05-16 00:12:15.049, 2017-05-16 00:12:15.050, 2017-05-16 00:12:55.418, 2017-05-16 00:12:55.419, 2017-05-16 00:12:55.420, 2017-05-16 00:12:55.421, 2017-05-16 00:13:37.117, 2017-05-16 00:13:37.118, 2017-05-16 00:13:37.119, 2017-05-16 00:14:18.995, 2017-05-16 00:14:18.996, 2017-05-16 00:14:18.997, 2017-05-16 00:14:18.998"
req_id - - - instance_id attempting claim: memory 2048 mb disk 20 gb vcpus 1 cpu,18,1,nova.compute,nova.compute.claims,INFO,"2017-05-16 00:00:31.092, 2017-05-16 00:01:12.998, 2017-05-16 00:01:53.256, 2017-05-16 00:02:35.071, 2017-05-16 00:03:17.220, 2017-05-16 00:03:57.509, 2017-05-16 00:04:39.301, 2017-05-16 00:05:21.240, 2017-05-16 00:06:01.609, 2017-05-16 00:06:43.297, 2017-05-16 00:07:25.202, 2017-05-16 00:08:06.960, 2017-05-16 00:08:47.371, 2017-05-16 00:09:29.271, 2017-05-16 00:10:11.073, 2017-05-16 00:10:51.245, 2017-05-16 00:11:33.089, 2017-05-16 00:12:15.046, 2017-05-16 00:12:55.418, 2017-05-16 00:13:37.116, 2017-05-16 00:14:18.993"
req_id - - - instance_id took seconds to build instance.,9,1,nova.compute,nova.compute.manager,INFO,"2017-05-16 00:00:10.470, 2017-05-16 00:00:51.794, 2017-05-16 00:01:33.126, 2017-05-16 00:02:14.496, 2017-05-16 00:02:55.778, 2017-05-16 00:03:37.133, 2017-05-16 00:04:18.614, 2017-05-16 00:05:00.183, 2017-05-16 00:05:41.371, 2017-05-16 00:06:22.709, 2017-05-16 00:07:04.084, 2017-05-16 00:07:45.423, 2017-05-16 00:08:26.735, 2017-05-16 00:09:08.188, 2017-05-16 00:09:49.566, 2017-05-16 00:10:31.027, 2017-05-16 00:11:12.315, 2017-05-16 00:11:53.630, 2017-05-16 00:12:35.078, 2017-05-16 00:13:16.456, 2017-05-16 00:13:57.894, 2017-05-16 00:14:39.198"
req_id - - - instance_id took seconds to deallocate network for instance.,15,1,nova.compute,nova.compute.manager,INFO,"2017-05-16 00:00:19.050, 2017-05-16 00:01:01.080, 2017-05-16 00:01:41.435, 2017-05-16 00:02:23.171, 2017-05-16 00:03:05.004, 2017-05-16 00:03:45.565, 2017-05-16 00:04:27.457, 2017-05-16 00:05:09.309, 2017-05-16 00:05:49.714, 2017-05-16 00:06:31.538, 2017-05-16 00:07:13.214, 2017-05-16 00:07:55.052, 2017-05-16 00:08:35.420, 2017-05-16 00:09:17.347, 2017-05-16 00:09:59.276, 2017-05-16 00:10:39.417, 2017-05-16 00:11:21.269, 2017-05-16 00:12:03.079, 2017-05-16 00:12:43.429, 2017-05-16 00:13:25.233, 2017-05-16 00:14:07.161"
req_id - - - instance_id took seconds to the instance on the hypervisor.,8,1,nova.compute,nova.compute.manager,INFO,"2017-05-16 00:00:10.303, 2017-05-16 00:00:18.571, 2017-05-16 00:00:51.659, 2017-05-16 00:01:00.563, 2017-05-16 00:01:32.992, 2017-05-16 00:01:40.979, 2017-05-16 00:02:14.362, 2017-05-16 00:02:22.693, 2017-05-16 00:02:55.647, 2017-05-16 00:03:04.543, 2017-05-16 00:03:37.003, 2017-05-16 00:03:45.022, 2017-05-16 00:04:18.473, 2017-05-16 00:04:26.975, 2017-05-16 00:05:00.012, 2017-05-16 00:05:08.859, 2017-05-16 00:05:41.236, 2017-05-16 00:05:49.254, 2017-05-16 00:06:22.566, 2017-05-16 00:06:30.996, 2017-05-16 00:07:03.945, 2017-05-16 00:07:12.751, 2017-05-16 00:07:45.253, 2017-05-16 00:07:54.585, 2017-05-16 00:08:26.601, 2017-05-16 00:08:34.853, 2017-05-16 00:09:08.054, 2017-05-16 00:09:16.878, 2017-05-16 00:09:49.429, 2017-05-16 00:09:58.744, 2017-05-16 00:10:30.874, 2017-05-16 00:10:38.954, 2017-05-16 00:11:12.171, 2017-05-16 00:11:20.697, 2017-05-16 00:11:53.482, 2017-05-16 00:12:02.629, 2017-05-16 00:12:34.937, 2017-05-16 00:12:42.975, 2017-05-16 00:13:16.313, 2017-05-16 00:13:24.760, 2017-05-16 00:13:57.757, 2017-05-16 00:14:06.582, 2017-05-16 00:14:39.067"
